0,0.0,0.0,0.4838709677419355,0.3010752688172043,0.8924731182795699,0.6344086021505376,0.989247311827957,0.9354838709677419,0.7311827956989247,1.0,0.989247311827957,-0.3333333333333333,0.7096774193548387,0.6559139784946236,0.6666666666666666,0.6129032258064516,0.7419354838709677,0.34408602150537637,0.4731182795698925,-0.5483870967741935,0.21505376344086022,0.6989247311827957,0.3010752688172043,0.5591397849462365,0.41935483870967744,0.21505376344086022,-0.053763440860215055,-0.5806451612903226,-0.25806451612903225,0.6021505376344086,-0.15053763440860216,0.45161290322580644,-0.021505376344086023,0.08602150537634409,-0.5268817204301075,-0.5161290322580645,-0.6666666666666666,0.43010752688172044,-0.5161290322580645,0.3225806451612903,-0.3978494623655914,0.021505376344086023
0,0.0,0.0,0.47115384615384615,0.27884615384615385,0.9134615384615384,0.5961538461538461,0.9615384615384616,0.8846153846153846,0.5480769230769231,1.0,0.8942307692307693,-0.2980769230769231,0.5576923076923077,0.6346153846153846,0.5769230769230769,0.6442307692307693,0.6634615384615384,0.4423076923076923,0.3557692307692308,-0.5096153846153846,0.07692307692307693,0.7211538461538461,0.19230769230769232,0.5865384615384616,0.2980769230769231,0.23076923076923078,-0.15384615384615385,-0.5384615384615384,-0.34615384615384615,0.6442307692307693,-0.23076923076923078,0.4807692307692308,-0.11538461538461539,0.11538461538461539,-0.625,-0.46153846153846156,-0.7019230769230769,0.4519230769230769,-0.5576923076923077,0.3269230769230769,-0.4807692307692308,0.028846153846153848
0,0.0,0.0,0.40625,0.21875,0.7083333333333334,0.4375,0.84375,0.6458333333333334,1.0,0.75,0.9375,-0.3541666666666667,0.7083333333333334,0.4270833333333333,0.6666666666666666,0.4375,0.71875,0.20833333333333334,0.5208333333333334,-0.5104166666666666,0.2708333333333333,0.4895833333333333,0.3125,0.3958333333333333,0.40625,0.08333333333333333,0.08333333333333333,-0.5208333333333334,-0.13541666666666666,0.4166666666666667,-0.041666666666666664,0.3020833333333333,0.07291666666666667,0.0,-0.3333333333333333,-0.46875,-0.4895833333333333,0.2708333333333333,-0.3645833333333333,0.20833333333333334,-0.25,-0.052083333333333336
0,0.0,0.0,-0.37333333333333335,-0.09333333333333334,-0.72,-0.17333333333333334,-0.9333333333333333,-0.16,-0.92,-0.12,-0.7333333333333333,-0.8933333333333333,-1.0,-0.21333333333333335,-0.8533333333333334,-0.10666666666666667,-0.7333333333333333,-0.32,-0.3333333333333333,-0.9066666666666666,-0.56,-0.013333333333333334,-0.44,-0.013333333333333334,-0.38666666666666666,-0.30666666666666664,0.06666666666666667,-0.8,-0.17333333333333334,0.08,-0.08,0.05333333333333334,-0.02666666666666667,-0.2,0.44,-0.6133333333333333,0.21333333333333335,0.08,0.25333333333333335,0.04,0.32,-0.2
0,0.0,0.0,0.4166666666666667,0.25,0.8229166666666666,0.5520833333333334,1.0,0.84375,0.9895833333333334,0.8958333333333334,0.8958333333333334,-0.3958333333333333,0.6666666666666666,0.5416666666666666,0.6666666666666666,0.4375,0.7291666666666666,0.16666666666666666,0.3333333333333333,-0.5729166666666666,0.15625,0.6770833333333334,0.25,0.4583333333333333,0.3333333333333333,0.10416666666666667,-0.20833333333333334,-0.5416666666666666,-0.3229166666666667,0.6354166666666666,-0.19791666666666666,0.4270833333333333,-0.08333333333333333,0.052083333333333336,-0.6875,-0.4166666666666667,-0.7291666666666666,0.4895833333333333,-0.5833333333333334,0.3333333333333333,-0.46875,0.0
0,0.0,0.0,0.49382716049382713,0.2345679012345679,0.9012345679012346,0.48148148148148145,0.8641975308641975,0.8024691358024691,0.48148148148148145,1.0,0.7469135802469136,-0.41358024691358025,0.5740740740740741,0.49382716049382713,0.6419753086419753,0.4567901234567901,0.7530864197530864,0.2222222222222222,0.21604938271604937,-0.5617283950617284,0.12345679012345678,0.6790123456790124,0.2654320987654321,0.5308641975308642,0.345679012345679,0.14814814814814814,-0.2716049382716049,-0.5,-0.2962962962962963,0.6666666666666666,-0.16666666666666666,0.5185185185185185,-0.06172839506172839,0.14814814814814814,-0.6851851851851852,-0.35185185185185186,-0.6790123456790124,0.5679012345679012,-0.5061728395061729,0.48148148148148145,-0.38271604938271603,0.19753086419753085
0,0.0,0.0,-0.48484848484848486,0.21212121212121213,-1.0,0.41414141414141414,-0.98989898989899,0.7474747474747475,-0.494949494949495,0.8888888888888888,-0.696969696969697,-0.6363636363636364,-0.6767676767676768,0.40404040404040403,-0.6666666666666666,0.4444444444444444,-0.6363636363636364,0.16161616161616163,-0.08080808080808081,-0.7070707070707071,-0.0707070707070707,0.5656565656565656,-0.1717171717171717,0.3939393939393939,-0.2222222222222222,-0.04040404040404041,0.45454545454545453,-0.5555555555555556,0.3939393939393939,0.6262626262626263,0.2222222222222222,0.43434343434343436,0.18181818181818182,0.030303030303030304,0.8787878787878788,-0.31313131313131315,0.7474747474747475,0.5252525252525253,0.6060606060606061,0.3434343434343434,0.5858585858585859,-0.020202020202020204
0,0.0,0.0,-0.42567567567567566,0.14189189189189189,-0.9324324324324325,0.20270270270270271,-1.0,0.5135135135135135,-0.6013513513513513,0.722972972972973,-0.6081081081081081,-0.5405405405405406,-0.49324324324324326,0.35135135135135137,-0.5202702702702703,0.4594594594594595,-0.5135135135135135,0.23648648648648649,-0.0945945945945946,-0.6283783783783784,0.0,0.43243243243243246,-0.10810810810810811,0.3783783783783784,-0.16891891891891891,0.033783783783783786,0.36486486486486486,-0.5405405405405406,0.3716216216216216,0.43243243243243246,0.22972972972972974,0.3716216216216216,0.16891891891891891,0.08783783783783784,0.7094594594594594,-0.38513513513513514,0.6486486486486487,0.25,0.49324324324324326,0.19594594594594594,0.41216216216216217,-0.006756756756756757
0,0.0,0.0,-0.43037974683544306,0.21518987341772153,-0.8987341772151899,0.45569620253164556,-0.9240506329113924,0.8354430379746836,-0.5189873417721519,1.0,-0.7215189873417721,-0.3670886075949367,-0.5822784810126582,0.7215189873417721,-0.5316455696202531,0.759493670886076,-0.5063291139240507,0.46835443037974683,-0.1518987341772152,-0.5063291139240507,0.02531645569620253,0.810126582278481,-0.08860759493670886,0.5949367088607594,-0.189873417721519,0.16455696202531644,0.3924050632911392,-0.46835443037974683,0.46835443037974683,0.7215189873417721,0.3037974683544304,0.5316455696202531,0.21518987341772153,0.10126582278481013,0.8354430379746836,-0.3291139240506329,0.810126582278481,0.5189873417721519,0.6582278481012658,0.34177215189873417,0.5949367088607594,-0.02531645569620253
0,0.0,0.0,-0.39603960396039606,0.12871287128712872,-0.8316831683168316,0.21782178217821782,-1.0,0.3465346534653465,-0.8217821782178217,0.3564356435643564,-0.7524752475247525,-0.5445544554455446,-0.7029702970297029,0.1782178217821782,-0.5445544554455446,0.37623762376237624,-0.4752475247524752,0.25742574257425743,-0.31683168316831684,-0.6633663366336634,-0.2871287128712871,0.13861386138613863,-0.2376237623762376,0.297029702970297,-0.27722772277227725,0.06930693069306931,0.0891089108910891,-0.6336633663366337,0.07920792079207921,0.09900990099009901,0.06930693069306931,0.21782178217821782,0.04950495049504951,0.0297029702970297,0.42574257425742573,-0.5445544554455446,0.42574257425742573,0.009900990099009901,0.36633663366336633,0.1188118811881188,0.32673267326732675,0.0
0,0.0,0.0,-0.4479166666666667,0.2604166666666667,-0.8020833333333334,0.4375,-0.9791666666666666,0.5104166666666666,-1.0,0.4375,-0.5729166666666666,-0.010416666666666666,-0.53125,0.7916666666666666,-0.4270833333333333,0.7604166666666666,-0.4583333333333333,0.5104166666666666,-0.16666666666666666,-0.0625,-0.125,0.8125,-0.08333333333333333,0.6875,-0.16666666666666666,0.4166666666666667,0.19791666666666666,-0.0625,0.23958333333333334,0.75,0.20833333333333334,0.6354166666666666,0.13541666666666666,0.3958333333333333,0.5,-0.03125,0.5625,0.6354166666666666,0.5104166666666666,0.53125,0.4375,0.3020833333333333
0,0.0,0.0,-0.4421052631578947,0.14736842105263157,-0.9157894736842105,0.29473684210526313,-1.0,0.5894736842105263,-0.6736842105263158,0.8,-0.49473684210526314,-0.49473684210526314,-0.4842105263157895,0.4105263157894737,-0.5263157894736842,0.37894736842105264,-0.5473684210526316,0.11578947368421053,0.021052631578947368,-0.5368421052631579,-0.031578947368421054,0.5473684210526316,-0.10526315789473684,0.37894736842105264,-0.11578947368421053,0.010526315789473684,0.4631578947368421,-0.4105263157894737,0.3368421052631579,0.5578947368421052,0.22105263157894736,0.3894736842105263,0.18947368421052632,0.06315789473684211,0.8,-0.23157894736842105,0.6526315789473685,0.4421052631578947,0.5578947368421052,0.3157894736842105,0.5473684210526316,0.042105263157894736
1,0.0,0.0,0.2549019607843137,-0.058823529411764705,0.5245098039215687,-0.18627450980392157,0.7401960784313726,-0.21568627450980393,0.9313725490196079,-0.21568627450980393,0.3872549019607843,-0.5833333333333334,0.6470588235294118,-0.6323529411764706,0.8382352941176471,-0.6372549019607843,1.0,-0.6274509803921569,0.25,-0.6421568627450981,0.5588235294117647,-0.696078431372549,0.7745098039215687,-0.6519607843137255,0.9313725490196079,-0.6078431372549019,0.10294117647058823,-0.6372549019607843,0.39215686274509803,-0.5,0.3382352941176471,-0.31862745098039214,0.25,-0.24509803921568626,-0.029411764705882353,-0.5588235294117647,0.2107843137254902,-0.4411764705882353,0.20098039215686275,-0.29411764705882354,0.14705882352941177,-0.23039215686274508
1,0.0,0.0,0.2714285714285714,-0.07142857142857142,0.5214285714285715,-0.20357142857142857,0.7107142857142857,-0.25357142857142856,0.9142857142857143,-0.2857142857142857,0.4035714285714286,-0.6071428571428571,0.6428571428571429,-0.6357142857142857,0.8321428571428572,-0.6535714285714286,1.0,-0.6571428571428571,0.26071428571428573,-0.6571428571428571,0.5714285714285714,-0.6571428571428571,0.8,-0.6035714285714285,0.975,-0.575,0.11785714285714285,-0.6214285714285714,0.41785714285714287,-0.45357142857142857,0.3678571428571429,-0.2571428571428571,0.2857142857142857,-0.18214285714285713,-0.007142857142857143,-0.5107142857142857,0.22857142857142856,-0.3535714285714286,0.20714285714285716,-0.22142857142857142,0.1357142857142857,-0.19642857142857142
1,0.0,0.0,0.27932960893854747,-0.0335195530726257,0.5698324022346368,-0.11731843575418995,0.7932960893854749,-0.1452513966480447,0.9832402234636871,-0.13966480446927373,0.39106145251396646,-0.5363128491620112,0.6312849162011173,-0.6033519553072626,0.8268156424581006,-0.5921787709497207,1.0,-0.547486033519553,0.21787709497206703,-0.5810055865921788,0.41899441340782123,-0.5754189944134078,0.547486033519553,-0.4972067039106145,0.6256983240223464,-0.4245810055865922,0.05027932960893855,-0.5418994413407822,0.2122905027932961,-0.46368715083798884,0.2849162011173184,-0.3687150837988827,0.30726256983240224,-0.3016759776536313,-0.1005586592178771,-0.441340782122905,0.0335195530726257,-0.3743016759776536,0.0893854748603352,-0.3016759776536313,0.11731843575418995,-0.2569832402234637
1,0.0,0.0,0.25471698113207547,-0.018867924528301886,0.5377358490566038,-0.12735849056603774,0.7735849056603774,-0.1792452830188679,0.9433962264150944,-0.22169811320754718,0.4056603773584906,-0.5094339622641509,0.6650943396226415,-0.5943396226415094,0.8537735849056604,-0.5801886792452831,1.0,-0.5471698113207547,0.25943396226415094,-0.5613207547169812,0.49528301886792453,-0.6415094339622641,0.6226415094339622,-0.5943396226415094,0.6981132075471698,-0.5377358490566038,0.12735849056603774,-0.5471698113207547,0.3490566037735849,-0.5518867924528302,0.3867924528301887,-0.46226415094339623,0.37735849056603776,-0.3915094339622642,0.018867924528301886,-0.49056603773584906,0.19339622641509435,-0.5,0.2358490566037736,-0.42924528301886794,0.24056603773584906,-0.36792452830188677
1,0.0,0.0,0.27692307692307694,-0.06666666666666667,0.5282051282051282,-0.18461538461538463,0.7333333333333333,-0.2153846153846154,0.9487179487179487,-0.2205128205128205,0.3641025641025641,-0.6102564102564103,0.6256410256410256,-0.6410256410256411,0.8256410256410256,-0.6307692307692307,1.0,-0.6102564102564103,0.21025641025641026,-0.6512820512820513,0.5282051282051282,-0.6717948717948717,0.764102564102564,-0.6102564102564103,0.9384615384615385,-0.5743589743589743,0.05128205128205128,-0.6051282051282051,0.36923076923076925,-0.4307692307692308,0.3487179487179487,-0.2564102564102564,0.26153846153846155,-0.20512820512820512,-0.07692307692307693,-0.48717948717948717,0.1641025641025641,-0.31794871794871793,0.1641025641025641,-0.2153846153846154,0.08717948717948718,-0.21025641025641026
1,0.0,0.0,0.2784090909090909,-0.05113636363636364,0.5170454545454546,-0.14204545454545456,0.7215909090909091,-0.1534090909090909,0.9204545454545454,-0.14772727272727273,0.39204545454545453,-0.5454545454545454,0.6363636363636364,-0.5340909090909091,0.8352272727272727,-0.5,1.0,-0.4659090909090909,0.2556818181818182,-0.5795454545454546,0.5511363636363636,-0.5511363636363636,0.7727272727272727,-0.4943181818181818,0.9431818181818182,-0.4659090909090909,0.11931818181818182,-0.5227272727272727,0.4034090909090909,-0.3125,0.36363636363636365,-0.17613636363636365,0.2840909090909091,-0.1534090909090909,0.0,-0.39204545454545453,0.2215909090909091,-0.2159090909090909,0.19886363636363635,-0.13068181818181818,0.13068181818181818,-0.13636363636363635
1,0.0,0.0,-0.27932960893854747,-0.07262569832402235,-0.5586592178770949,-0.22346368715083798,-0.776536312849162,-0.2569832402234637,-0.9720670391061452,-0.2737430167597765,-0.4134078212290503,-0.6145251396648045,-0.664804469273743,-0.6480446927374302,-0.8324022346368715,-0.6815642458100558,-1.0,-0.6983240223463687,-0.27932960893854747,-0.6703910614525139,-0.5754189944134078,-0.6983240223463687,-0.7932960893854749,-0.6703910614525139,-0.9776536312849162,-0.6480446927374302,-0.12849162011173185,-0.664804469273743,-0.45251396648044695,-0.553072625698324,-0.39664804469273746,-0.31843575418994413,-0.31843575418994413,-0.19553072625698323,0.0111731843575419,-0.6033519553072626,-0.2681564245810056,-0.46368715083798884,-0.25139664804469275,-0.329608938547486,-0.17318435754189945,-0.26256983240223464
1,0.0,0.0,-0.2783018867924528,-0.0330188679245283,-0.5377358490566038,-0.10849056603773585,-0.7358490566037735,-0.10377358490566038,-0.9339622641509434,-0.08962264150943396,-0.4386792452830189,-0.5235849056603774,-0.6650943396226415,-0.49056603773584906,-0.839622641509434,-0.4716981132075472,-1.0,-0.4481132075471698,-0.330188679245283,-0.5754716981132075,-0.6084905660377359,-0.45754716981132076,-0.6981132075471698,-0.3632075471698113,-0.7783018867924528,-0.35377358490566035,-0.21226415094339623,-0.5613207547169812,-0.49056603773584906,-0.33490566037735847,-0.3915094339622642,-0.19811320754716982,-0.3018867924528302,-0.18396226415094338,-0.10849056603773585,-0.49056603773584906,-0.3443396226415094,-0.2971698113207547,-0.28773584905660377,-0.19811320754716982,-0.2028301886792453,-0.19339622641509435
1,0.0,0.0,-0.27884615384615385,-0.07692307692307693,-0.4855769230769231,-0.20192307692307693,-0.6730769230769231,-0.2403846153846154,-0.8605769230769231,-0.2692307692307692,-0.33653846153846156,-0.5769230769230769,-0.6105769230769231,-0.5721153846153846,-0.7884615384615384,-0.5673076923076923,-0.9519230769230769,-0.5721153846153846,-0.25,-0.6153846153846154,-0.5961538461538461,-0.6057692307692307,-0.8076923076923077,-0.5721153846153846,-1.0,-0.5769230769230769,-0.17307692307692307,-0.5721153846153846,-0.5048076923076923,-0.40384615384615385,-0.4182692307692308,-0.2548076923076923,-0.32211538461538464,-0.22115384615384615,-0.1346153846153846,-0.4855769230769231,-0.40865384615384615,-0.3317307692307692,-0.3557692307692308,-0.21634615384615385,-0.25961538461538464,-0.1875
1,0.0,0.0,-0.29444444444444445,-0.11666666666666667,-0.5611111111111111,-0.28888888888888886,-0.7888888888888889,-0.34444444444444444,-1.0,-0.36666666666666664,-0.39444444444444443,-0.6333333333333333,-0.6555555555555556,-0.6833333333333333,-0.8222222222222222,-0.7222222222222222,-0.9944444444444445,-0.7611111111111111,-0.26666666666666666,-0.7055555555555556,-0.5611111111111111,-0.7444444444444445,-0.7777777777777778,-0.7388888888888889,-0.9611111111111111,-0.7722222222222223,-0.10555555555555556,-0.7111111111111111,-0.4111111111111111,-0.6222222222222222,-0.35,-0.4,-0.2722222222222222,-0.3,0.03333333333333333,-0.6666666666666666,-0.2111111111111111,-0.5555555555555556,-0.20555555555555555,-0.4166666666666667,-0.14444444444444443,-0.35555555555555557
1,0.0,0.0,-0.30120481927710846,-0.12650602409638553,-0.5602409638554217,-0.3072289156626506,-0.7891566265060241,-0.35542168674698793,-1.0,-0.4036144578313253,-0.3614457831325301,-0.6927710843373494,-0.6325301204819277,-0.7349397590361446,-0.8132530120481928,-0.7710843373493976,-0.9879518072289156,-0.8072289156626506,-0.2289156626506024,-0.7349397590361446,-0.5481927710843374,-0.7650602409638554,-0.7710843373493976,-0.7469879518072289,-0.9578313253012049,-0.7771084337349398,-0.0783132530120482,-0.7048192771084337,-0.41566265060240964,-0.5783132530120482,-0.3674698795180723,-0.3795180722891566,-0.28313253012048195,-0.3072289156626506,0.04819277108433735,-0.608433734939759,-0.23493975903614459,-0.4939759036144578,-0.2289156626506024,-0.35542168674698793,-0.1566265060240964,-0.3072289156626506
1,0.0,0.0,-0.28313253012048195,-0.07228915662650602,-0.5602409638554217,-0.22289156626506024,-0.7831325301204819,-0.27710843373493976,-1.0,-0.3132530120481928,-0.3855421686746988,-0.6325301204819277,-0.6385542168674698,-0.6506024096385542,-0.8192771084337349,-0.6746987951807228,-0.9939759036144579,-0.6807228915662651,-0.25301204819277107,-0.6686746987951807,-0.5602409638554217,-0.6867469879518072,-0.7831325301204819,-0.6626506024096386,-0.9698795180722891,-0.6746987951807228,-0.10843373493975904,-0.6325301204819277,-0.43373493975903615,-0.46987951807228917,-0.3795180722891566,-0.27710843373493976,-0.2891566265060241,-0.21084337349397592,0.012048192771084338,-0.536144578313253,-0.26506024096385544,-0.3795180722891566,-0.23493975903614459,-0.26506024096385544,-0.14457831325301204,-0.23493975903614459
2,0.0,0.0,-0.0684931506849315,-0.2420091324200913,0.0319634703196347,-0.4520547945205479,0.1917808219178082,-0.5662100456621004,0.3105022831050228,-0.6118721461187214,0.0958904109589041,-0.5068493150684932,0.2374429223744292,-0.7397260273972602,0.3150684931506849,-0.8767123287671232,0.3744292237442922,-0.9863013698630136,0.228310502283105,-0.4429223744292237,0.3607305936073059,-0.7077625570776256,0.4337899543378995,-0.8721461187214612,0.4885844748858447,-1.0,0.3378995433789954,-0.365296803652968,0.4474885844748858,-0.6164383561643836,0.5114155251141552,-0.7625570776255708,0.5525114155251142,-0.8767123287671232,0.4063926940639269,-0.2922374429223744,0.4840182648401826,-0.4748858447488584,0.5342465753424658,-0.589041095890411,0.5799086757990868,-0.684931506849315
2,0.0,0.0,0.045454545454545456,-0.2777777777777778,0.23232323232323232,-0.4444444444444444,0.4292929292929293,-0.51010101010101,0.5656565656565656,-0.5151515151515151,0.35353535353535354,-0.4696969696969697,0.6212121212121212,-0.5909090909090909,0.7777777777777778,-0.6717171717171717,0.8888888888888888,-0.7424242424242424,0.4444444444444444,-0.3484848484848485,0.7171717171717171,-0.5050505050505051,0.8737373737373737,-0.6111111111111112,1.0,-0.696969696969697,0.5050505050505051,-0.21717171717171718,0.7424242424242424,-0.37373737373737376,0.8838383838383839,-0.4696969696969697,0.9848484848484849,-0.5454545454545454,0.5303030303030303,-0.08585858585858586,0.702020202020202,-0.20707070707070707,0.8080808080808081,-0.2878787878787879,0.8939393939393939,-0.35353535353535354
2,0.0,0.0,-0.07035175879396985,-0.2562814070351759,0.020100502512562814,-0.49748743718592964,0.1708542713567839,-0.6582914572864321,0.2864321608040201,-0.7738693467336684,0.21105527638190955,-0.5226130653266332,0.4371859296482412,-0.7487437185929648,0.5778894472361809,-0.8894472361809045,0.6834170854271356,-1.0,0.32160804020100503,-0.4271356783919598,0.5326633165829145,-0.6683417085427136,0.6683417085427136,-0.8391959798994975,0.7738693467336684,-0.9798994974874372,0.40703517587939697,-0.32160804020100503,0.5979899497487438,-0.5527638190954773,0.7185929648241206,-0.7085427135678392,0.8040201005025126,-0.8291457286432161,0.4723618090452261,-0.21608040201005024,0.6231155778894473,-0.38190954773869346,0.7185929648241206,-0.5025125628140703,0.7889447236180904,-0.592964824120603
2,0.0,0.0,-0.175,-0.20416666666666666,-0.16666666666666666,-0.42916666666666664,-0.058333333333333334,-0.6,0.0375,-0.7083333333333334,0.029166666666666667,-0.49166666666666664,0.15,-0.7416666666666667,0.22083333333333333,-0.8875,0.2625,-1.0,0.18333333333333332,-0.43333333333333335,0.2791666666666667,-0.7,0.325,-0.8583333333333333,0.35833333333333334,-0.9875,0.2916666666666667,-0.375,0.3625,-0.6333333333333333,0.39166666666666666,-0.7833333333333333,0.4125,-0.9,0.3541666666666667,-0.3333333333333333,0.3958333333333333,-0.55,0.4083333333333333,-0.675,0.4083333333333333,-0.7708333333333334
2,0.0,0.0,-0.09803921568627451,-0.25980392156862747,-0.03431372549019608,-0.5,0.09803921568627451,-0.6617647058823529,0.20588235294117646,-0.75,0.1568627450980392,-0.5245098039215687,0.3480392156862745,-0.75,0.45098039215686275,-0.8921568627450981,0.5245098039215687,-1.0,0.28431372549019607,-0.43137254901960786,0.45588235294117646,-0.6911764705882353,0.553921568627451,-0.8578431372549019,0.6225490196078431,-0.9901960784313726,0.38235294117647056,-0.3333333333333333,0.5294117647058824,-0.5833333333333334,0.6127450980392157,-0.7303921568627451,0.6666666666666666,-0.8431372549019608,0.44607843137254904,-0.24019607843137256,0.553921568627451,-0.4215686274509804,0.6127450980392157,-0.5392156862745098,0.6617647058823529,-0.6372549019607843
2,0.0,0.0,-0.09405940594059406,-0.2722772277227723,-0.0049504950495049506,-0.5148514851485149,0.16336633663366337,-0.6633663366336634,0.27722772277227725,-0.7574257425742574,0.15841584158415842,-0.5148514851485149,0.3564356435643564,-0.7326732673267327,0.46534653465346537,-0.8762376237623762,0.5495049504950495,-0.995049504950495,0.2871287128712871,-0.42574257425742573,0.4752475247524752,-0.6782178217821783,0.5891089108910891,-0.8564356435643564,0.6782178217821783,-1.0,0.37623762376237624,-0.32673267326732675,0.5445544554455446,-0.5841584158415841,0.6435643564356436,-0.7425742574257426,0.7178217821782178,-0.8712871287128713,0.43564356435643564,-0.24257425742574257,0.5594059405940595,-0.4207920792079208,0.6336633663366337,-0.5495049504950495,0.698019801980198,-0.6584158415841584
2,0.0,0.0,-0.15137614678899083,-0.22018348623853212,-0.15137614678899083,-0.42660550458715596,-0.045871559633027525,-0.5963302752293578,0.04128440366972477,-0.7064220183486238,0.06422018348623854,-0.5045871559633027,0.18807339449541285,-0.7522935779816514,0.24770642201834864,-0.8899082568807339,0.2889908256880734,-0.9908256880733946,0.20642201834862386,-0.44495412844036697,0.3119266055045872,-0.7247706422018348,0.3623853211009174,-0.8899082568807339,0.4036697247706422,-1.0,0.3073394495412844,-0.3761467889908257,0.39908256880733944,-0.6422018348623854,0.44036697247706424,-0.7889908256880734,0.46788990825688076,-0.8899082568807339,0.37155963302752293,-0.3119266055045872,0.44036697247706424,-0.5045871559633027,0.4724770642201835,-0.6192660550458715,0.5045871559633027,-0.7110091743119266
2,0.0,0.0,0.10382513661202186,-0.2459016393442623,0.07650273224043716,-0.4808743169398907,-0.00546448087431694,-0.6775956284153005,-0.00546448087431694,-0.8415300546448088,-0.15846994535519127,-0.5901639344262295,-0.3551912568306011,-0.7923497267759563,-0.47540983606557374,-0.907103825136612,-0.5683060109289617,-1.0,-0.2786885245901639,-0.5027322404371585,-0.48633879781420764,-0.73224043715847,-0.6065573770491803,-0.8743169398907104,-0.6994535519125683,-0.9890710382513661,-0.3770491803278688,-0.3989071038251366,-0.5683060109289617,-0.6120218579234973,-0.6830601092896175,-0.7486338797814208,-0.7650273224043715,-0.8633879781420765,-0.45901639344262296,-0.273224043715847,-0.6010928961748634,-0.453551912568306,-0.6830601092896175,-0.5628415300546448,-0.7486338797814208,-0.6666666666666666
2,0.0,0.0,0.1619047619047619,-0.2,0.2,-0.4142857142857143,0.11904761904761904,-0.5523809523809524,0.009523809523809525,-0.5714285714285714,0.03333333333333333,-0.5190476190476191,-0.05714285714285714,-0.7523809523809524,-0.11428571428571428,-0.8857142857142857,-0.1619047619047619,-0.9904761904761905,-0.10476190476190476,-0.48095238095238096,-0.19047619047619047,-0.7380952380952381,-0.23809523809523808,-0.8857142857142857,-0.2761904761904762,-1.0,-0.22380952380952382,-0.42857142857142855,-0.2857142857142857,-0.6666666666666666,-0.319047619047619,-0.819047619047619,-0.34285714285714286,-0.9285714285714286,-0.3238095238095238,-0.36666666666666664,-0.3619047619047619,-0.5666666666666667,-0.3904761904761905,-0.680952380952381,-0.4142857142857143,-0.7761904761904762
2,0.0,0.0,0.09289617486338798,-0.2786885245901639,0.03825136612021858,-0.5081967213114754,-0.10382513661202186,-0.6120218579234973,-0.2459016393442623,-0.6229508196721312,-0.16393442622950818,-0.6010928961748634,-0.3333333333333333,-0.7868852459016393,-0.4262295081967213,-0.912568306010929,-0.4808743169398907,-1.0,-0.29508196721311475,-0.5355191256830601,-0.453551912568306,-0.7486338797814208,-0.546448087431694,-0.8797814207650273,-0.6010928961748634,-0.9890710382513661,-0.4098360655737705,-0.4371584699453552,-0.5573770491803278,-0.6338797814207651,-0.6229508196721312,-0.726775956284153,-0.644808743169399,-0.7923497267759563,-0.5081967213114754,-0.32786885245901637,-0.6284153005464481,-0.5136612021857924,-0.6830601092896175,-0.6120218579234973,-0.7158469945355191,-0.6775956284153005
2,0.0,0.0,0.18137254901960784,-0.17647058823529413,0.23039215686274508,-0.39215686274509803,0.15196078431372548,-0.5392156862745098,0.049019607843137254,-0.5686274509803921,-0.0196078431372549,-0.5,-0.08823529411764706,-0.7549019607843137,-0.12745098039215685,-0.8921568627450981,-0.16666666666666666,-1.0,-0.16666666666666666,-0.45588235294117646,-0.22549019607843138,-0.7303921568627451,-0.25980392156862747,-0.8872549019607843,-0.28921568627450983,-1.0,-0.27450980392156865,-0.4019607843137255,-0.31862745098039214,-0.6519607843137255,-0.3333333333333333,-0.7990196078431373,-0.3480392156862745,-0.9019607843137255,-0.3382352941176471,-0.3480392156862745,-0.35784313725490197,-0.553921568627451,-0.36764705882352944,-0.6568627450980392,-0.37254901960784315,-0.7401960784313726
2,0.0,0.0,0.10752688172043011,-0.25268817204301075,0.043010752688172046,-0.478494623655914,-0.11827956989247312,-0.5752688172043011,-0.24731182795698925,-0.6075268817204301,-0.15053763440860216,-0.5483870967741935,-0.3333333333333333,-0.7634408602150538,-0.42473118279569894,-0.8978494623655914,-0.4946236559139785,-1.0,-0.27956989247311825,-0.46774193548387094,-0.45161290322580644,-0.7096774193548387,-0.543010752688172,-0.8709677419354839,-0.6075268817204301,-1.0,-0.3870967741935484,-0.3709677419354839,-0.543010752688172,-0.6021505376344086,-0.6290322580645161,-0.7526881720430108,-0.6881720430107527,-0.8763440860215054,-0.478494623655914,-0.26344086021505375,-0.6021505376344086,-0.45698924731182794,-0.6720430107526881,-0.5698924731182796,-0.7258064516129032,-0.6720430107526881
2,0.0,0.0,0.11940298507462686,-0.23880597014925373,0.08955223880597014,-0.4626865671641791,-0.04477611940298507,-0.572139303482587,-0.14925373134328357,-0.6119402985074627,-0.13930348258706468,-0.5621890547263682,-0.3034825870646766,-0.7761194029850746,-0.39800995024875624,-0.900497512437811,-0.47761194029850745,-1.0,-0.263681592039801,-0.4925373134328358,-0.42786069651741293,-0.736318407960199,-0.527363184079602,-0.8855721393034826,-0.6069651741293532,-0.9950248756218906,-0.36318407960199006,-0.39800995024875624,-0.5124378109452736,-0.6218905472636815,-0.5970149253731343,-0.7661691542288557,-0.6616915422885572,-0.8756218905472637,-0.4427860696517413,-0.2835820895522388,-0.5572139303482587,-0.46766169154228854,-0.6218905472636815,-0.5771144278606966,-0.6716417910447762,-0.6716417910447762
3,0.0,0.0,0.13942307692307693,-0.3317307692307692,0.30288461538461536,-0.5673076923076923,0.3798076923076923,-0.7932692307692307,0.375,-1.0,0.7451923076923077,-0.44711538461538464,0.8125,-0.28846153846153844,0.6826923076923077,-0.23076923076923078,0.5625,-0.25,0.7884615384615384,-0.23557692307692307,0.7788461538461539,-0.09615384615384616,0.6538461538461539,-0.08173076923076923,0.5432692307692307,-0.11538461538461539,0.7548076923076923,-0.014423076923076924,0.7211538461538461,0.0625,0.6057692307692307,0.07211538461538461,0.5048076923076923,0.04326923076923077,0.6923076923076923,0.1778846153846154,0.6490384615384616,0.22596153846153846,0.5336538461538461,0.21634615384615385,0.44711538461538464,0.18269230769230768
3,0.0,0.0,0.14354066985645933,-0.31100478468899523,0.32057416267942584,-0.5885167464114832,0.35406698564593303,-0.8229665071770335,0.28708133971291866,-1.0,0.7033492822966507,-0.5215311004784688,0.9282296650717703,-0.3875598086124402,0.8277511961722488,-0.3253588516746411,0.7081339712918661,-0.3444976076555024,0.7416267942583732,-0.3062200956937799,0.9234449760765551,-0.20574162679425836,0.8277511961722488,-0.1674641148325359,0.69377990430622,-0.1722488038277512,0.7320574162679426,-0.0861244019138756,0.8899521531100478,-0.023923444976076555,0.7894736842105263,0.014354066985645933,0.6650717703349283,0.004784688995215311,0.69377990430622,0.1339712918660287,0.8133971291866029,0.15789473684210525,0.7129186602870813,0.1674641148325359,0.6076555023923444,0.15789473684210525
3,0.0,0.0,0.1171875,-0.32421875,0.2421875,-0.5859375,0.25,-0.8203125,0.19140625,-1.0,0.67578125,-0.46875,0.703125,-0.41015625,0.5859375,-0.3671875,0.48828125,-0.359375,0.734375,-0.26171875,0.71484375,-0.23828125,0.6171875,-0.21875,0.53515625,-0.2109375,0.71875,-0.0625,0.6875,-0.078125,0.6015625,-0.05859375,0.51171875,-0.05078125,0.6796875,0.10546875,0.65625,0.0859375,0.5703125,0.08203125,0.4921875,0.08984375
3,0.0,0.0,0.19902912621359223,-0.2912621359223301,0.39805825242718446,-0.5388349514563107,0.44660194174757284,-0.7621359223300971,0.3786407766990291,-0.941747572815534,0.7233009708737864,-0.5388349514563107,1.0,-0.3446601941747573,0.8980582524271845,-0.2669902912621359,0.7669902912621359,-0.2961165048543689,0.7524271844660194,-0.33980582524271846,0.9757281553398058,-0.14563106796116504,0.8640776699029126,-0.09223300970873786,0.7378640776699029,-0.13592233009708737,0.7427184466019418,-0.11165048543689321,0.9174757281553398,0.03398058252427184,0.8058252427184466,0.07281553398058252,0.6893203883495146,0.03398058252427184,0.7038834951456311,0.11650485436893204,0.8398058252427184,0.19902912621359223,0.7281553398058253,0.21844660194174756,0.6262135922330098,0.1941747572815534
3,0.0,0.0,0.1474820143884892,-0.30935251798561153,0.32014388489208634,-0.5755395683453237,0.3776978417266187,-0.8093525179856115,0.3129496402877698,-1.0,0.6762589928057554,-0.5,0.8848920863309353,-0.37050359712230213,0.7697841726618705,-0.30935251798561153,0.6510791366906474,-0.3345323741007194,0.7194244604316546,-0.2949640287769784,0.8848920863309353,-0.19424460431654678,0.7805755395683454,-0.15827338129496402,0.658273381294964,-0.17266187050359713,0.7158273381294964,-0.07913669064748201,0.8381294964028777,-0.03237410071942446,0.7482014388489209,0.0035971223021582736,0.6294964028776978,-0.01079136690647482,0.6834532374100719,0.11870503597122302,0.7661870503597122,0.12589928057553956,0.6798561151079137,0.14028776978417265,0.5863309352517986,0.12949640287769784
3,0.0,0.0,0.14534883720930233,-0.3023255813953488,0.32558139534883723,-0.563953488372093,0.38372093023255816,-0.8023255813953488,0.3313953488372093,-1.0,0.7325581395348837,-0.45930232558139533,0.8488372093023255,-0.3372093023255814,0.7383720930232558,-0.27906976744186046,0.627906976744186,-0.29069767441860467,0.7790697674418605,-0.2441860465116279,0.8546511627906976,-0.1686046511627907,0.7441860465116279,-0.14534883720930233,0.627906976744186,-0.1569767441860465,0.7616279069767442,-0.029069767441860465,0.7848837209302325,0.005813953488372093,0.6918604651162791,0.01744186046511628,0.5813953488372093,0.011627906976744186,0.7209302325581395,0.16279069767441862,0.7093023255813954,0.1686046511627907,0.6104651162790697,0.16279069767441862,0.5290697674418605,0.1569767441860465
3,0.0,0.0,-0.16129032258064516,-0.2903225806451613,-0.3763440860215054,-0.553763440860215,-0.45698924731182794,-0.7956989247311828,-0.41397849462365593,-1.0,-0.5268817204301075,-0.46774193548387094,-0.8494623655913979,-0.3870967741935484,-0.7419354838709677,-0.3387096774193548,-0.6129032258064516,-0.3655913978494624,-0.521505376344086,-0.26344086021505375,-0.8387096774193549,-0.1935483870967742,-0.7204301075268817,-0.15591397849462366,-0.5913978494623656,-0.1774193548387097,-0.510752688172043,-0.04838709677419355,-0.7956989247311828,0.0,-0.6774193548387096,0.016129032258064516,-0.5483870967741935,0.0,-0.4838709677419355,0.15591397849462366,-0.7258064516129032,0.1774193548387097,-0.6182795698924731,0.1774193548387097,-0.5,0.15591397849462366
3,0.0,0.0,-0.1179245283018868,-0.29245283018867924,-0.2971698113207547,-0.5566037735849056,-0.3490566037735849,-0.7924528301886793,-0.29245283018867924,-1.0,-0.5377358490566038,-0.49528301886792453,-0.7783018867924528,-0.41037735849056606,-0.6839622641509434,-0.3490566037735849,-0.5660377358490566,-0.35377358490566035,-0.5660377358490566,-0.2971698113207547,-0.8066037735849056,-0.22641509433962265,-0.7075471698113207,-0.1792452830188679,-0.5849056603773585,-0.18867924528301888,-0.5754716981132075,-0.08962264150943396,-0.7783018867924528,-0.04245283018867924,-0.6886792452830188,-0.009433962264150943,-0.5754716981132075,-0.018867924528301886,-0.5707547169811321,0.10849056603773585,-0.7452830188679245,0.1320754716981132,-0.6462264150943396,0.14622641509433962,-0.5424528301886793,0.1320754716981132
3,0.0,0.0,-0.1291866028708134,-0.2583732057416268,-0.3588516746411483,-0.5550239234449761,-0.44019138755980863,-0.7990430622009569,-0.4354066985645933,-1.0,-0.41148325358851673,-0.507177033492823,-0.8086124401913876,-0.4449760765550239,-0.7033492822966507,-0.39712918660287083,-0.5598086124401914,-0.40669856459330145,-0.4019138755980861,-0.3014354066985646,-0.8181818181818182,-0.24880382775119617,-0.69377990430622,-0.21052631578947367,-0.5358851674641149,-0.215311004784689,-0.3923444976076555,-0.08133971291866028,-0.784688995215311,-0.0430622009569378,-0.6602870813397129,-0.019138755980861243,-0.5023923444976076,-0.023923444976076555,-0.3875598086124402,0.1339712918660287,-0.6985645933014354,0.14354066985645933,-0.5933014354066986,0.15311004784688995,-0.45933014354066987,0.15311004784688995
3,0.0,0.0,-0.13043478260869565,-0.2732919254658385,-0.34782608695652173,-0.5590062111801242,-0.422360248447205,-0.8012422360248447,-0.37267080745341613,-1.0,-0.4161490683229814,-0.515527950310559,-0.8012422360248447,-0.4409937888198758,-0.7018633540372671,-0.35403726708074534,-0.5652173913043478,-0.36645962732919257,-0.40372670807453415,-0.32298136645962733,-0.8074534161490683,-0.21739130434782608,-0.6832298136645962,-0.17391304347826086,-0.5403726708074534,-0.19875776397515527,-0.391304347826087,-0.11180124223602485,-0.7639751552795031,-0.024844720496894408,-0.639751552795031,0.0,-0.5031055900621118,-0.024844720496894408,-0.38509316770186336,0.09937888198757763,-0.6770186335403726,0.14285714285714285,-0.577639751552795,0.14906832298136646,-0.453416149068323,0.13043478260869565
3,0.0,0.0,-0.13043478260869565,-0.29347826086956524,-0.31521739130434784,-0.5652173913043478,-0.3695652173913043,-0.8097826086956522,-0.32065217391304346,-1.0,-0.45108695652173914,-0.44565217391304346,-0.7771739130434783,-0.41304347826086957,-0.6793478260869565,-0.3695652173913043,-0.5434782608695652,-0.3695652173913043,-0.45652173913043476,-0.23369565217391305,-0.782608695652174,-0.21195652173913043,-0.6793478260869565,-0.19021739130434784,-0.5489130434782609,-0.1956521739130435,-0.45652173913043476,-0.02717391304347826,-0.75,-0.03260869565217391,-0.657608695652174,-0.016304347826086956,-0.5271739130434783,-0.021739130434782608,-0.44565217391304346,0.16304347826086957,-0.6956521739130435,0.14130434782608695,-0.6032608695652174,0.14130434782608695,-0.4891304347826087,0.1358695652173913
3,0.0,0.0,-0.1511111111111111,-0.28,-0.38666666666666666,-0.5555555555555556,-0.48444444444444446,-0.7955555555555556,-0.48444444444444446,-1.0,-0.48444444444444446,-0.48,-0.8533333333333334,-0.39111111111111113,-0.7422222222222222,-0.35555555555555557,-0.6044444444444445,-0.38666666666666666,-0.4666666666666667,-0.26666666666666666,-0.8355555555555556,-0.18666666666666668,-0.7111111111111111,-0.1688888888888889,-0.5733333333333334,-0.19555555555555557,-0.4488888888888889,-0.04888888888888889,-0.8,0.0044444444444444444,-0.6755555555555556,0.013333333333333334,-0.5377777777777778,-0.0044444444444444444,-0.4311111111111111,0.16444444444444445,-0.72,0.18222222222222223,-0.6177777777777778,0.17777777777777778,-0.49333333333333335,0.16444444444444445
4,0.0,0.0,-0.07142857142857142,0.2857142857142857,-0.21428571428571427,0.5535714285714286,-0.2857142857142857,0.7916666666666666,-0.2857142857142857,1.0,-0.5714285714285714,0.35119047619047616,-0.7083333333333334,0.44047619047619047,-0.5059523809523809,0.39285714285714285,-0.44642857142857145,0.34523809523809523,-0.6130952380952381,0.17857142857142858,-0.7380952380952381,0.27380952380952384,-0.49404761904761907,0.25595238095238093,-0.47619047619047616,0.21428571428571427,-0.6071428571428571,0.005952380952380952,-0.7678571428571429,0.07142857142857142,-0.5416666666666666,0.09523809523809523,-0.5059523809523809,0.05952380952380952,-0.5773809523809523,-0.16666666666666666,-0.7202380952380952,-0.125,-0.5595238095238095,-0.07142857142857142,-0.5059523809523809,-0.08928571428571429
4,0.0,0.0,-0.13043478260869565,0.266304347826087,-0.30978260869565216,0.532608695652174,-0.40217391304347827,0.7934782608695652,-0.45108695652173914,1.0,-0.6902173913043478,0.29891304347826086,-0.8043478260869565,0.41847826086956524,-0.5760869565217391,0.375,-0.5217391304347826,0.31521739130434784,-0.7010869565217391,0.11413043478260869,-0.7989130434782609,0.23369565217391305,-0.5380434782608695,0.22282608695652173,-0.532608695652174,0.15760869565217392,-0.6630434782608695,-0.06521739130434782,-0.7934782608695652,0.010869565217391304,-0.5543478260869565,0.043478260869565216,-0.5163043478260869,0.0,-0.592391304347826,-0.2391304347826087,-0.7065217391304348,-0.20108695652173914,-0.5489130434782609,-0.1358695652173913,-0.4945652173913043,-0.15217391304347827
4,0.0,0.0,-0.13142857142857142,0.2742857142857143,-0.32,0.5371428571428571,-0.42857142857142855,0.7828571428571428,-0.48,1.0,-0.6742857142857143,0.35428571428571426,-0.8228571428571428,0.42857142857142855,-0.6171428571428571,0.38857142857142857,-0.49714285714285716,0.34285714285714286,-0.7142857142857143,0.17714285714285713,-0.8628571428571429,0.25142857142857145,-0.6114285714285714,0.2342857142857143,-0.5028571428571429,0.19428571428571428,-0.7028571428571428,-0.011428571428571429,-0.8857142857142857,0.03428571428571429,-0.6628571428571428,0.05142857142857143,-0.5542857142857143,0.04,-0.6571428571428571,-0.2,-0.8114285714285714,-0.17142857142857143,-0.6571428571428571,-0.12,-0.56,-0.10857142857142857
4,0.0,0.0,-0.10106382978723404,0.2872340425531915,-0.2925531914893617,0.5691489361702128,-0.4095744680851064,0.7978723404255319,-0.4627659574468085,1.0,-0.7712765957446809,0.3829787234042553,-1.0,0.4095744680851064,-0.7872340425531915,0.4095744680851064,-0.601063829787234,0.3882978723404255,-0.7925531914893617,0.16489361702127658,-0.9840425531914894,0.20212765957446807,-0.7393617021276596,0.21808510638297873,-0.5638297872340425,0.2127659574468085,-0.7712765957446809,-0.047872340425531915,-0.9468085106382979,-0.005319148936170213,-0.7393617021276596,0.031914893617021274,-0.5797872340425532,0.0425531914893617,-0.7127659574468085,-0.2553191489361702,-0.8829787234042553,-0.22340425531914893,-0.75,-0.1595744680851064,-0.6276595744680851,-0.13297872340425532
4,0.0,0.0,-0.13043478260869565,0.27717391304347827,-0.32065217391304346,0.532608695652174,-0.42934782608695654,0.7771739130434783,-0.4945652173913043,1.0,-0.7010869565217391,0.30434782608695654,-0.8641304347826086,0.3967391304347826,-0.657608695652174,0.3804347826086957,-0.5489130434782609,0.33152173913043476,-0.7228260869565217,0.14673913043478262,-0.8695652173913043,0.23369565217391305,-0.6141304347826086,0.2391304347826087,-0.5489130434782609,0.19021739130434784,-0.7065217391304348,-0.02717391304347826,-0.8804347826086957,0.03260869565217391,-0.6467391304347826,0.07608695652173914,-0.5706521739130435,0.04891304347826087,-0.6521739130434783,-0.19021739130434784,-0.8206521739130435,-0.16304347826086957,-0.657608695652174,-0.09239130434782608,-0.5706521739130435,-0.09239130434782608
4,0.0,0.0,-0.13714285714285715,0.2914285714285714,-0.32,0.5485714285714286,-0.4114285714285714,0.7885714285714286,-0.4342857142857143,1.0,-0.6628571428571428,0.3314285714285714,-0.8057142857142857,0.4228571428571429,-0.5771428571428572,0.38857142857142857,-0.5257142857142857,0.33714285714285713,-0.6971428571428572,0.15428571428571428,-0.8285714285714286,0.25142857142857145,-0.5657142857142857,0.24571428571428572,-0.5428571428571428,0.18857142857142858,-0.6857142857142857,-0.02857142857142857,-0.84,0.05142857142857143,-0.6,0.08,-0.5542857142857143,0.03428571428571429,-0.64,-0.2,-0.7485714285714286,-0.14285714285714285,-0.5885714285714285,-0.08,-0.5428571428571428,-0.11428571428571428
4,0.0,0.0,0.1691542288557214,0.2835820895522388,0.39800995024875624,0.5472636815920398,0.4626865671641791,0.7860696517412935,0.4079601990049751,1.0,0.7114427860696517,0.35323383084577115,0.845771144278607,0.4626865671641791,0.6417910447761194,0.40298507462686567,0.6318407960199005,0.34328358208955223,0.7213930348258707,0.14925373134328357,0.845771144278607,0.263681592039801,0.6019900497512438,0.24875621890547264,0.6169154228855721,0.1791044776119403,0.681592039800995,-0.04975124378109453,0.835820895522388,0.04975124378109453,0.6069651741293532,0.07462686567164178,0.5970149253731343,0.009950248756218905,0.6218905472636815,-0.2537313432835821,0.7313432835820896,-0.16417910447761194,0.5970149253731343,-0.09950248756218906,0.5671641791044776,-0.12935323383084577
4,0.0,0.0,0.1440677966101695,0.2966101694915254,0.3050847457627119,0.576271186440678,0.3389830508474576,0.8008474576271186,0.326271186440678,1.0,0.711864406779661,0.3855932203389831,0.8347457627118644,0.5042372881355932,0.5508474576271186,0.461864406779661,0.538135593220339,0.4110169491525424,0.7415254237288136,0.17796610169491525,0.8305084745762712,0.2796610169491525,0.5296610169491526,0.2669491525423729,0.5550847457627118,0.21610169491525424,0.7033898305084746,-0.029661016949152543,0.8008474576271186,0.07203389830508475,0.5338983050847458,0.0847457627118644,0.538135593220339,0.029661016949152543,0.6440677966101694,-0.24152542372881355,0.690677966101695,-0.17796610169491525,0.5211864406779662,-0.1228813559322034,0.5,-0.13559322033898305
4,0.0,0.0,0.16447368421052633,0.28289473684210525,0.35526315789473684,0.5394736842105263,0.4276315789473684,0.7828947368421053,0.4473684210526316,1.0,0.75,0.3092105263157895,0.8881578947368421,0.40131578947368424,0.6842105263157895,0.40131578947368424,0.5394736842105263,0.375,0.7697368421052632,0.09868421052631579,0.868421052631579,0.19736842105263158,0.6381578947368421,0.2236842105263158,0.5131578947368421,0.20394736842105263,0.7368421052631579,-0.11842105263157894,0.8421052631578947,-0.02631578947368421,0.625,0.02631578947368421,0.5,0.013157894736842105,0.6578947368421053,-0.3355263157894737,0.7631578947368421,-0.2565789473684211,0.5921052631578947,-0.17105263157894737,0.48026315789473684,-0.15789473684210525
4,0.0,0.0,0.16756756756756758,0.2918918918918919,0.34594594594594597,0.5675675675675675,0.4,0.8,0.3783783783783784,1.0,0.745945945945946,0.3621621621621622,0.8432432432432433,0.4540540540540541,0.6,0.4594594594594595,0.5783783783783784,0.44324324324324327,0.7621621621621621,0.14054054054054055,0.8108108108108109,0.22162162162162163,0.5459459459459459,0.23783783783783785,0.5783783783783784,0.1891891891891892,0.7135135135135136,-0.08108108108108109,0.8,0.005405405405405406,0.5513513513513514,0.03783783783783784,0.572972972972973,-0.010810810810810811,0.6324324324324324,-0.3027027027027027,0.7081081081081081,-0.24864864864864866,0.5621621621621622,-0.1783783783783784,0.5405405405405406,-0.1891891891891892
4,0.0,0.0,0.011494252873563218,-0.3448275862068966,0.20689655172413793,-0.6436781609195402,0.45977011494252873,-0.7701149425287356,0.6781609195402298,-0.7586206896551724,0.14942528735632185,-0.39080459770114945,0.3793103448275862,-0.5632183908045977,0.5402298850574713,-0.6781609195402298,0.6551724137931034,-0.7586206896551724,0.21839080459770116,-0.12643678160919541,0.5287356321839081,-0.19540229885057472,0.735632183908046,-0.25287356321839083,0.8850574712643678,-0.27586206896551724,0.26436781609195403,0.12643678160919541,0.6206896551724138,0.10344827586206896,0.8275862068965517,0.06896551724137931,1.0,0.034482758620689655,0.3103448275862069,0.3448275862068966,0.5747126436781609,0.3563218390804598,0.7586206896551724,0.3448275862068966,0.9080459770114943,0.3218390804597701
4,0.0,0.0,0.1925133689839572,0.29411764705882354,0.35294117647058826,0.5401069518716578,0.3850267379679144,0.7914438502673797,0.36363636363636365,1.0,0.6310160427807486,0.35294117647058826,0.7647058823529411,0.40106951871657753,0.5775401069518716,0.37433155080213903,0.5508021390374331,0.36363636363636365,0.6363636363636364,0.16042780748663102,0.7540106951871658,0.21390374331550802,0.5187165775401069,0.21390374331550802,0.5133689839572193,0.1925133689839572,0.6096256684491979,-0.03208556149732621,0.7540106951871658,0.026737967914438502,0.5240641711229946,0.0481283422459893,0.4919786096256685,0.03208556149732621,0.5561497326203209,-0.22459893048128343,0.6684491978609626,-0.1925133689839572,0.5240641711229946,-0.13903743315508021,0.47058823529411764,-0.13368983957219252
4,0.0,0.0,0.1951219512195122,0.2865853658536585,0.4146341463414634,0.5426829268292683,0.49390243902439024,0.7804878048780488,0.5060975609756098,1.0,0.8353658536585366,0.2682926829268293,0.8841463414634146,0.4024390243902439,0.6707317073170732,0.38414634146341464,0.6280487804878049,0.32926829268292684,0.8353658536585366,0.054878048780487805,0.823170731707317,0.2073170731707317,0.5914634146341463,0.21341463414634146,0.5914634146341463,0.14634146341463414,0.7560975609756098,-0.14634146341463414,0.7621951219512195,-0.006097560975609756,0.5548780487804879,0.036585365853658534,0.5487804878048781,-0.024390243902439025,0.6463414634146342,-0.32926829268292684,0.676829268292683,-0.23170731707317074,0.5426829268292683,-0.1524390243902439,0.5060975609756098,-0.16463414634146342
5,0.0,0.0,0.18430034129692832,-0.08191126279863481,0.3378839590443686,-0.22184300341296928,0.2832764505119454,-0.35494880546075086,0.17064846416382254,-0.3856655290102389,0.27303754266211605,-0.5290102389078498,0.31399317406143346,-0.7337883959044369,0.3378839590443686,-0.8532423208191127,0.35494880546075086,-0.9556313993174061,0.15017064846416384,-0.5597269624573379,0.20477815699658702,-0.7713310580204779,0.2354948805460751,-0.89419795221843,0.26621160409556316,-1.0,0.034129692832764506,-0.5494880546075085,0.07508532423208192,-0.7406143344709898,0.10580204778156997,-0.8532423208191127,0.13651877133105803,-0.9419795221843004,-0.09215017064846416,-0.5017064846416383,-0.06484641638225255,-0.6655290102389079,-0.03754266211604096,-0.7542662116040956,-0.006825938566552901,-0.8361774744027304
5,0.0,0.0,0.19791666666666666,-0.0763888888888889,0.3472222222222222,-0.23958333333333334,0.2951388888888889,-0.3958333333333333,0.14583333333333334,-0.375,0.2569444444444444,-0.5381944444444444,0.3055555555555556,-0.7395833333333334,0.3298611111111111,-0.8472222222222222,0.3472222222222222,-0.9409722222222222,0.13541666666666666,-0.5625,0.1875,-0.7708333333333334,0.2222222222222222,-0.8958333333333334,0.24305555555555555,-1.0,0.024305555555555556,-0.5486111111111112,0.0625,-0.7326388888888888,0.09375,-0.84375,0.11805555555555555,-0.9305555555555556,-0.09722222222222222,-0.4930555555555556,-0.0798611111111111,-0.6493055555555556,-0.052083333333333336,-0.7430555555555556,-0.027777777777777776,-0.8194444444444444
5,0.0,0.0,0.17784256559766765,-0.05830903790087463,0.3177842565597668,-0.20408163265306123,0.3177842565597668,-0.32653061224489793,0.20699708454810495,-0.30029154518950435,0.2099125364431487,-0.5072886297376094,0.239067055393586,-0.6997084548104956,0.26239067055393583,-0.8192419825072886,0.282798833819242,-0.9271137026239067,0.10204081632653061,-0.5189504373177842,0.13119533527696792,-0.7346938775510204,0.15743440233236153,-0.8746355685131195,0.17201166180758018,-1.0,0.0029154518950437317,-0.4897959183673469,0.01749271137026239,-0.6880466472303207,0.03206997084548105,-0.8192419825072886,0.04081632653061224,-0.9329446064139941,-0.09912536443148688,-0.4227405247813411,-0.09037900874635568,-0.5918367346938775,-0.08163265306122448,-0.6997084548104956,-0.0728862973760933,-0.8017492711370262
5,0.0,0.0,0.17682926829268292,-0.0701219512195122,0.3170731707317073,-0.2225609756097561,0.25,-0.35060975609756095,0.11280487804878049,-0.3353658536585366,0.23780487804878048,-0.5152439024390244,0.28353658536585363,-0.7225609756097561,0.31402439024390244,-0.8445121951219512,0.3353658536585366,-0.948170731707317,0.11585365853658537,-0.5396341463414634,0.16463414634146342,-0.7560975609756098,0.19207317073170732,-0.8902439024390244,0.21341463414634146,-1.0,0.003048780487804878,-0.5182926829268293,0.042682926829268296,-0.7195121951219512,0.07317073170731707,-0.8414634146341463,0.10365853658536585,-0.9390243902439024,-0.11585365853658537,-0.4634146341463415,-0.09451219512195122,-0.625,-0.06707317073170732,-0.7225609756097561,-0.039634146341463415,-0.8048780487804879
5,0.0,0.0,0.18633540372670807,-0.062111801242236024,0.3416149068322981,-0.21739130434782608,0.33540372670807456,-0.36335403726708076,0.22981366459627328,-0.38509316770186336,0.2515527950310559,-0.5279503105590062,0.2732919254658385,-0.7204968944099379,0.2857142857142857,-0.8385093167701864,0.2981366459627329,-0.9409937888198758,0.12732919254658384,-0.5527950310559007,0.15217391304347827,-0.7546583850931677,0.16770186335403728,-0.8850931677018633,0.18322981366459629,-1.0,0.012422360248447204,-0.5341614906832298,0.027950310559006212,-0.7204968944099379,0.046583850931677016,-0.8291925465838509,0.06521739130434782,-0.922360248447205,-0.10559006211180125,-0.4782608695652174,-0.09627329192546584,-0.6304347826086957,-0.08385093167701864,-0.7267080745341615,-0.06521739130434782,-0.8136645962732919
5,0.0,0.0,0.1885245901639344,-0.036885245901639344,0.3524590163934426,-0.14754098360655737,0.36475409836065575,-0.29098360655737704,0.27049180327868855,-0.319672131147541,0.30327868852459017,-0.4918032786885246,0.35655737704918034,-0.7049180327868853,0.3975409836065574,-0.8360655737704918,0.4344262295081967,-0.9426229508196722,0.18032786885245902,-0.5245901639344263,0.25,-0.7459016393442623,0.29918032786885246,-0.8852459016393442,0.3483606557377049,-1.0,0.06557377049180328,-0.5122950819672131,0.12295081967213115,-0.7213114754098361,0.1680327868852459,-0.8565573770491803,0.21311475409836064,-0.9631147540983607,-0.06557377049180328,-0.46311475409836067,-0.036885245901639344,-0.6270491803278688,-0.004098360655737705,-0.7336065573770492,0.02459016393442623,-0.8278688524590164
4,0.0,0.0,-0.2077922077922078,-0.025974025974025976,-0.3722943722943723,-0.1645021645021645,-0.3722943722943723,-0.2987012987012987,-0.2597402597402597,-0.30303030303030304,-0.2813852813852814,-0.49783549783549785,-0.31601731601731603,-0.7012987012987013,-0.33766233766233766,-0.8268398268398268,-0.354978354978355,-0.935064935064935,-0.16017316017316016,-0.5324675324675324,-0.2077922077922078,-0.7575757575757576,-0.23376623376623376,-0.8874458874458875,-0.2554112554112554,-1.0,-0.04329004329004329,-0.5238095238095238,-0.07792207792207792,-0.7272727272727273,-0.09956709956709957,-0.8528138528138528,-0.12554112554112554,-0.9567099567099567,0.08225108225108226,-0.4805194805194805,0.05627705627705628,-0.6406926406926406,0.030303030303030304,-0.7402597402597403,0.004329004329004329,-0.8268398268398268
4,0.0,0.0,-0.20703125,-0.078125,-0.34765625,-0.2265625,-0.30078125,-0.328125,-0.17578125,-0.30859375,-0.22265625,-0.515625,-0.25,-0.71484375,-0.26953125,-0.8359375,-0.28515625,-0.9453125,-0.10546875,-0.5390625,-0.140625,-0.7578125,-0.171875,-0.890625,-0.19921875,-1.0,0.0078125,-0.5234375,-0.01953125,-0.7265625,-0.05078125,-0.84765625,-0.0859375,-0.94140625,0.12890625,-0.46875,0.10546875,-0.62890625,0.0703125,-0.72265625,0.03515625,-0.80078125
4,0.0,0.0,-0.19863013698630136,-0.030821917808219176,-0.3561643835616438,-0.1643835616438356,-0.3595890410958904,-0.2910958904109589,-0.2636986301369863,-0.3150684931506849,-0.2465753424657534,-0.4965753424657534,-0.2705479452054795,-0.7054794520547946,-0.2876712328767123,-0.8287671232876712,-0.3013698630136986,-0.9383561643835616,-0.1232876712328767,-0.5273972602739726,-0.15753424657534246,-0.7534246575342466,-0.1780821917808219,-0.886986301369863,-0.1952054794520548,-1.0,-0.003424657534246575,-0.5136986301369864,-0.03424657534246575,-0.7226027397260274,-0.05136986301369863,-0.8493150684931506,-0.0684931506849315,-0.9554794520547946,0.1232876712328767,-0.4623287671232877,0.09931506849315068,-0.6301369863013698,0.07534246575342465,-0.7328767123287672,0.0547945205479452,-0.8253424657534246
4,0.0,0.0,-0.19480519480519481,-0.05194805194805195,-0.3333333333333333,-0.19913419913419914,-0.3116883116883117,-0.30735930735930733,-0.19913419913419914,-0.2813852813852814,-0.19913419913419914,-0.49783549783549785,-0.21645021645021645,-0.7012987012987013,-0.22510822510822512,-0.8268398268398268,-0.23809523809523808,-0.935064935064935,-0.08225108225108226,-0.5238095238095238,-0.09956709956709957,-0.7489177489177489,-0.11255411255411256,-0.8831168831168831,-0.12987012987012986,-1.0,0.030303030303030304,-0.5021645021645021,0.017316017316017316,-0.7142857142857143,0.004329004329004329,-0.8398268398268398,-0.012987012987012988,-0.948051948051948,0.14285714285714285,-0.45021645021645024,0.14285714285714285,-0.6147186147186147,0.1341991341991342,-0.7186147186147186,0.12121212121212122,-0.8181818181818182
4,0.0,0.0,-0.19742489270386265,-0.07725321888412018,-0.30472103004291845,-0.22746781115879827,-0.2446351931330472,-0.3218884120171674,-0.13733905579399142,-0.30472103004291845,-0.15879828326180256,-0.5064377682403434,-0.1630901287553648,-0.7167381974248928,-0.1630901287553648,-0.8412017167381974,-0.1630901287553648,-0.9484978540772532,-0.03862660944206009,-0.51931330472103,-0.05150214592274678,-0.7510729613733905,-0.060085836909871244,-0.8841201716738197,-0.07296137339055794,-1.0,0.06866952789699571,-0.49356223175965663,0.060085836909871244,-0.7081545064377682,0.04721030042918455,-0.8369098712446352,0.034334763948497854,-0.9399141630901288,0.18025751072961374,-0.4291845493562232,0.1759656652360515,-0.6008583690987125,0.15879828326180256,-0.703862660944206,0.1459227467811159,-0.7982832618025751
4,0.0,0.0,-0.1984732824427481,-0.08396946564885496,-0.31679389312977096,-0.2366412213740458,-0.25572519083969464,-0.33969465648854963,-0.1297709923664122,-0.32061068702290074,-0.16030534351145037,-0.5076335877862596,-0.16793893129770993,-0.7099236641221374,-0.17557251908396945,-0.8358778625954199,-0.17938931297709923,-0.9465648854961832,-0.04580152671755725,-0.5229007633587787,-0.05725190839694656,-0.7442748091603053,-0.07251908396946564,-0.8816793893129771,-0.08778625954198473,-1.0,0.05725190839694656,-0.4961832061068702,0.05343511450381679,-0.6984732824427481,0.03816793893129771,-0.8282442748091603,0.015267175572519083,-0.9351145038167938,0.16030534351145037,-0.4312977099236641,0.16793893129770993,-0.5992366412213741,0.16412213740458015,-0.6984732824427481,0.16030534351145037,-0.7900763358778626
6,0.0,0.0,0.23076923076923078,-0.0673076923076923,0.4423076923076923,-0.25,0.5673076923076923,-0.4182692307692308,0.5817307692307693,-0.5769230769230769,0.3701923076923077,-0.5048076923076923,0.4567307692307692,-0.7403846153846154,0.5,-0.875,0.5336538461538461,-1.0,0.22596153846153846,-0.5288461538461539,0.24519230769230768,-0.6394230769230769,0.1971153846153846,-0.46634615384615385,0.16826923076923078,-0.3701923076923077,0.08173076923076923,-0.5240384615384616,0.08653846153846154,-0.6153846153846154,0.052884615384615384,-0.42788461538461536,0.038461538461538464,-0.3317307692307692,-0.0625,-0.5144230769230769,-0.004807692307692308,-0.6923076923076923,0.028846153846153848,-0.7788461538461539,0.0673076923076923,-0.8894230769230769
6,0.0,0.0,0.2096069868995633,-0.034934497816593885,0.4104803493449782,-0.16593886462882096,0.5589519650655022,-0.24890829694323144,0.6899563318777293,-0.3056768558951965,0.2925764192139738,-0.4847161572052402,0.35807860262008734,-0.7161572052401747,0.4017467248908297,-0.868995633187773,0.4410480349344978,-1.0,0.1572052401746725,-0.5065502183406113,0.20087336244541484,-0.537117903930131,0.16593886462882096,-0.34934497816593885,0.14410480349344978,-0.24017467248908297,0.017467248908296942,-0.4890829694323144,0.043668122270742356,-0.4978165938864629,0.034934497816593885,-0.314410480349345,0.034934497816593885,-0.2096069868995633,-0.1222707423580786,-0.4585152838427948,-0.09606986899563319,-0.6593886462882096,-0.06986899563318777,-0.777292576419214,-0.043668122270742356,-0.8908296943231441
6,0.0,0.0,0.18565400843881857,-0.0379746835443038,0.35443037974683544,-0.18143459915611815,0.46835443037974683,-0.29957805907172996,0.5443037974683544,-0.39662447257383965,0.270042194092827,-0.4810126582278481,0.2869198312236287,-0.7215189873417721,0.29957805907172996,-0.8649789029535865,0.3080168776371308,-1.0,0.13924050632911392,-0.48523206751054854,0.10548523206751055,-0.5485232067510548,0.0970464135021097,-0.35864978902953587,0.10970464135021098,-0.27848101265822783,0.008438818565400843,-0.4641350210970464,-0.03375527426160337,-0.4936708860759494,-0.008438818565400843,-0.31223628691983124,0.02531645569620253,-0.23628691983122363,-0.11814345991561181,-0.4388185654008439,-0.1350210970464135,-0.6286919831223629,-0.14767932489451477,-0.7215189873417721,-0.14767932489451477,-0.8396624472573839
6,0.0,0.0,0.20599250936329588,-0.03745318352059925,0.3895131086142322,-0.18726591760299627,0.5243445692883895,-0.2883895131086142,0.6479400749063671,-0.3595505617977528,0.2846441947565543,-0.4868913857677903,0.3333333333333333,-0.7228464419475655,0.36704119850187267,-0.8689138576779026,0.3895131086142322,-1.0,0.14606741573033707,-0.49812734082397003,0.16853932584269662,-0.5767790262172284,0.14606741573033707,-0.36704119850187267,0.1348314606741573,-0.26217228464419473,0.00749063670411985,-0.4756554307116105,0.0149812734082397,-0.5318352059925093,0.02247191011235955,-0.3258426966292135,0.026217228464419477,-0.2209737827715356,-0.12734082397003746,-0.449438202247191,-0.1198501872659176,-0.6554307116104869,-0.10486891385767791,-0.7602996254681648,-0.08614232209737828,-0.8876404494382022
6,0.0,0.0,0.1958762886597938,-0.05154639175257732,0.38144329896907214,-0.18041237113402062,0.5051546391752577,-0.30412371134020616,0.5670103092783505,-0.42783505154639173,0.3247422680412371,-0.4948453608247423,0.38144329896907214,-0.7216494845360825,0.4072164948453608,-0.8711340206185567,0.4329896907216495,-1.0,0.18556701030927836,-0.5103092783505154,0.18041237113402062,-0.6185567010309279,0.13917525773195877,-0.41237113402061853,0.12886597938144329,-0.29381443298969073,0.05154639175257732,-0.5,0.02577319587628866,-0.5773195876288659,0.041237113402061855,-0.3917525773195876,0.06701030927835051,-0.28865979381443296,-0.07731958762886598,-0.4742268041237113,-0.08762886597938144,-0.6649484536082474,-0.0979381443298969,-0.7680412371134021,-0.09278350515463918,-0.8969072164948454
6,0.0,0.0,0.19909502262443438,-0.04072398190045249,0.3936651583710407,-0.17194570135746606,0.5294117647058824,-0.2669683257918552,0.6244343891402715,-0.3574660633484163,0.29411764705882354,-0.49321266968325794,0.34841628959276016,-0.7285067873303167,0.38009049773755654,-0.8687782805429864,0.4072398190045249,-1.0,0.15384615384615385,-0.5067873303167421,0.167420814479638,-0.5701357466063348,0.14027149321266968,-0.38461538461538464,0.13122171945701358,-0.3076923076923077,0.013574660633484163,-0.4841628959276018,0.013574660633484163,-0.5294117647058824,0.01809954751131222,-0.334841628959276,0.027149321266968326,-0.2398190045248869,-0.12217194570135746,-0.46153846153846156,-0.12669683257918551,-0.6515837104072398,-0.11764705882352941,-0.746606334841629,-0.10407239819004525,-0.8687782805429864
6,0.0,0.0,-0.19689119170984457,-0.04145077720207254,-0.37305699481865284,-0.18134715025906736,-0.47668393782383417,-0.30569948186528495,-0.48704663212435234,-0.43005181347150256,-0.29015544041450775,-0.49222797927461137,-0.32642487046632124,-0.7305699481865285,-0.35233160621761656,-0.8756476683937824,-0.38341968911917096,-1.0,-0.15025906735751296,-0.5025906735751295,-0.15544041450777202,-0.5854922279792746,-0.13989637305699482,-0.40932642487046633,-0.13471502590673576,-0.27461139896373055,-0.010362694300518135,-0.48704663212435234,-0.0051813471502590676,-0.5699481865284974,0.0051813471502590676,-0.38860103626943004,-0.015544041450777202,-0.26424870466321243,0.12953367875647667,-0.46113989637305697,0.11398963730569948,-0.6424870466321243,0.09326424870466321,-0.7564766839378239,0.06217616580310881,-0.8704663212435233
6,0.0,0.0,-0.18326693227091634,-0.06772908366533864,-0.3147410358565737,-0.2151394422310757,-0.3705179282868526,-0.35856573705179284,-0.3187250996015936,-0.47808764940239046,-0.2549800796812749,-0.4900398406374502,-0.30278884462151395,-0.7290836653386454,-0.33067729083665337,-0.8725099601593626,-0.350597609561753,-1.0,-0.11553784860557768,-0.49800796812749004,-0.09561752988047809,-0.5936254980079682,-0.07569721115537849,-0.4103585657370518,-0.08366533864541832,-0.27091633466135456,0.02390438247011952,-0.4860557768924303,0.05976095617529881,-0.5776892430278885,0.06374501992031872,-0.40239043824701193,0.035856573705179286,-0.2788844621513944,0.1553784860557769,-0.46613545816733065,0.1752988047808765,-0.6414342629482072,0.16733067729083664,-0.7450199203187251,0.1394422310756972,-0.852589641434263
6,0.0,0.0,-0.21428571428571427,-0.02040816326530612,-0.4030612244897959,-0.1377551020408163,-0.5357142857142857,-0.23979591836734693,-0.5816326530612245,-0.37755102040816324,-0.32142857142857145,-0.5,-0.4030612244897959,-0.7244897959183674,-0.45918367346938777,-0.8724489795918368,-0.5051020408163265,-1.0,-0.1836734693877551,-0.5255102040816326,-0.1683673469387755,-0.673469387755102,-0.11734693877551021,-0.673469387755102,-0.08673469387755102,-0.6887755102040817,-0.04081632653061224,-0.5153061224489796,-0.05102040816326531,-0.6122448979591837,-0.07653061224489796,-0.413265306122449,-0.10204081632653061,-0.2755102040816326,0.09693877551020408,-0.4846938775510204,0.10204081632653061,-0.6632653061224489,0.11734693877551021,-0.7806122448979592,0.12244897959183673,-0.9183673469387755
6,0.0,0.0,-0.19117647058823528,-0.03431372549019608,-0.35784313725490197,-0.1568627450980392,-0.47549019607843135,-0.2549019607843137,-0.5098039215686274,-0.37254901960784315,-0.27450980392156865,-0.47549019607843135,-0.3382352941176471,-0.7156862745098039,-0.38235294117647056,-0.8676470588235294,-0.4215686274509804,-1.0,-0.1323529411764706,-0.49019607843137253,-0.1323529411764706,-0.5490196078431373,-0.12745098039215685,-0.36764705882352944,-0.13725490196078433,-0.25,0.014705882352941176,-0.47058823529411764,0.04411764705882353,-0.5294117647058824,0.029411764705882353,-0.35784313725490197,-0.00980392156862745,-0.25,0.16176470588235295,-0.4362745098039216,0.20588235294117646,-0.6078431372549019,0.2549019607843137,-0.7156862745098039,0.28921568627450983,-0.8333333333333334
6,0.0,0.0,-0.20614035087719298,-0.043859649122807015,-0.37280701754385964,-0.19298245614035087,-0.44298245614035087,-0.34649122807017546,-0.40350877192982454,-0.4868421052631579,-0.3201754385964912,-0.4692982456140351,-0.37280701754385964,-0.7192982456140351,-0.40350877192982454,-0.868421052631579,-0.4298245614035088,-1.0,-0.17982456140350878,-0.4956140350877193,-0.17105263157894737,-0.6008771929824561,-0.13596491228070176,-0.4298245614035088,-0.12280701754385964,-0.2894736842105263,-0.043859649122807015,-0.5,-0.013157894736842105,-0.6008771929824561,0.008771929824561403,-0.4298245614035088,-0.008771929824561403,-0.3026315789473684,0.09210526315789473,-0.4956140350877193,0.08771929824561403,-0.6798245614035088,0.07017543859649122,-0.7894736842105263,0.039473684210526314,-0.8991228070175439
6,0.0,0.0,-0.20833333333333334,-0.02976190476190476,-0.38095238095238093,-0.16071428571428573,-0.48214285714285715,-0.27380952380952384,-0.49404761904761907,-0.40476190476190477,-0.31547619047619047,-0.48214285714285715,-0.36904761904761907,-0.7261904761904762,-0.40476190476190477,-0.875,-0.43452380952380953,-1.0,-0.17857142857142858,-0.5,-0.17857142857142858,-0.5892857142857143,-0.16071428571428573,-0.39880952380952384,-0.16071428571428573,-0.26785714285714285,-0.03571428571428571,-0.5,-0.011904761904761904,-0.5892857142857143,-0.011904761904761904,-0.4107142857142857,-0.03571428571428571,-0.2976190476190476,0.10119047619047619,-0.48214285714285715,0.10119047619047619,-0.6726190476190477,0.09523809523809523,-0.7857142857142857,0.07738095238095238,-0.9166666666666666
7,0.0,0.0,0.24615384615384617,-0.06153846153846154,0.4576923076923077,-0.12692307692307692,0.6346153846153846,-0.12692307692307692,0.7884615384615384,-0.14615384615384616,0.39615384615384613,-0.48846153846153845,0.6269230769230769,-0.5423076923076923,0.7153846153846154,-0.3923076923076923,0.7423076923076923,-0.24615384615384617,0.3423076923076923,-0.5384615384615384,0.5538461538461539,-0.75,0.7307692307692307,-0.8115384615384615,0.8769230769230769,-0.8461538461538461,0.23846153846153847,-0.5307692307692308,0.40384615384615385,-0.7846153846153846,0.5538461538461539,-0.9076923076923077,0.6807692307692308,-1.0,0.11153846153846154,-0.4807692307692308,0.2,-0.6884615384615385,0.3,-0.823076923076923,0.39615384615384613,-0.9307692307692308
7,0.0,0.0,0.24290220820189273,-0.00946372239747634,0.45741324921135645,-0.056782334384858045,0.6340694006309149,-0.09779179810725552,0.7665615141955836,-0.15772870662460567,0.38485804416403785,-0.42902208201892744,0.5962145110410094,-0.48264984227129337,0.6719242902208202,-0.38485804416403785,0.6908517350157729,-0.27129337539432175,0.2996845425867508,-0.5141955835962145,0.4794952681388013,-0.7255520504731862,0.6340694006309149,-0.8233438485804416,0.7665615141955836,-0.9053627760252366,0.17665615141955837,-0.5457413249211357,0.305993690851735,-0.7760252365930599,0.4195583596214511,-0.9022082018927445,0.5362776025236593,-1.0,0.028391167192429023,-0.5236593059936908,0.07255520504731862,-0.7192429022082019,0.12933753943217666,-0.8485804416403786,0.20189274447949526,-0.9558359621451105
7,0.0,0.0,0.21875,-0.0625,0.4107142857142857,-0.13392857142857142,0.5892857142857143,-0.14732142857142858,0.7276785714285714,-0.1875,0.33035714285714285,-0.45982142857142855,0.5446428571428571,-0.5,0.6339285714285714,-0.3794642857142857,0.6651785714285714,-0.25892857142857145,0.28125,-0.5223214285714286,0.4642857142857143,-0.7366071428571429,0.6205357142857143,-0.8348214285714286,0.75,-0.90625,0.19196428571428573,-0.5267857142857143,0.33035714285714285,-0.7678571428571429,0.45535714285714285,-0.8973214285714286,0.5714285714285714,-1.0,0.07589285714285714,-0.48660714285714285,0.14732142857142858,-0.6875,0.22767857142857142,-0.8169642857142857,0.3125,-0.9196428571428571
7,0.0,0.0,0.2561576354679803,-0.07389162561576355,0.4630541871921182,-0.14285714285714285,0.645320197044335,-0.14285714285714285,0.7931034482758621,-0.16748768472906403,0.4088669950738916,-0.46798029556650245,0.6354679802955665,-0.49261083743842365,0.7192118226600985,-0.3497536945812808,0.7438423645320197,-0.21182266009852216,0.3497536945812808,-0.5123152709359606,0.5369458128078818,-0.7438423645320197,0.6995073891625616,-0.8325123152709359,0.8374384236453202,-0.896551724137931,0.24630541871921183,-0.49261083743842365,0.3793103448275862,-0.7487684729064039,0.49261083743842365,-0.8866995073891626,0.5960591133004927,-1.0,0.12807881773399016,-0.43349753694581283,0.18226600985221675,-0.6354679802955665,0.2561576354679803,-0.7635467980295566,0.3399014778325123,-0.8719211822660099
7,0.0,0.0,0.2247191011235955,-0.07865168539325842,0.41198501872659177,-0.15730337078651685,0.5692883895131086,-0.17228464419475656,0.7078651685393258,-0.18726591760299627,0.3333333333333333,-0.48314606741573035,0.5168539325842697,-0.5318352059925093,0.602996254681648,-0.40823970037453183,0.6404494382022472,-0.2883895131086142,0.27715355805243447,-0.5205992509363296,0.4344569288389513,-0.7378277153558053,0.5767790262172284,-0.8389513108614233,0.6928838951310862,-0.9176029962546817,0.18352059925093633,-0.5056179775280899,0.29213483146067415,-0.7528089887640449,0.40074906367041196,-0.8876404494382022,0.4943820224719101,-1.0,0.0749063670411985,-0.4419475655430712,0.1198501872659176,-0.6404494382022472,0.18726591760299627,-0.7715355805243446,0.26217228464419473,-0.8801498127340824
7,0.0,0.0,0.21574344023323616,-0.05830903790087463,0.3965014577259475,-0.1457725947521866,0.5626822157434402,-0.1749271137026239,0.7055393586005831,-0.2099125364431487,0.3177842565597668,-0.4489795918367347,0.5102040816326531,-0.4956268221574344,0.5860058309037901,-0.3819241982507289,0.6151603498542274,-0.2653061224489796,0.2653061224489796,-0.5131195335276968,0.39941690962099125,-0.7288629737609329,0.5393586005830904,-0.8250728862973761,0.6676384839650146,-0.8979591836734694,0.17784256559766765,-0.5189504373177842,0.27405247813411077,-0.7521865889212828,0.3819241982507289,-0.8892128279883382,0.4839650145772595,-1.0,0.08454810495626822,-0.478134110787172,0.119533527696793,-0.6793002915451894,0.18950437317784258,-0.8075801749271136,0.26822157434402333,-0.9154518950437318
7,0.0,0.0,-0.203125,-0.0390625,-0.36328125,-0.11328125,-0.5,-0.171875,-0.61328125,-0.2578125,-0.28515625,-0.41796875,-0.4375,-0.50390625,-0.5390625,-0.4296875,-0.58203125,-0.34765625,-0.20703125,-0.49609375,-0.3359375,-0.6953125,-0.44140625,-0.81640625,-0.53515625,-0.92578125,-0.09765625,-0.51953125,-0.171875,-0.7421875,-0.23046875,-0.87890625,-0.30078125,-1.0,0.0234375,-0.4921875,-0.00390625,-0.671875,-0.05078125,-0.7890625,-0.1171875,-0.8828125
7,0.0,0.0,-0.2033898305084746,-0.03389830508474576,-0.3771186440677966,-0.08050847457627118,-0.5127118644067796,-0.13559322033898305,-0.614406779661017,-0.24152542372881355,-0.288135593220339,-0.423728813559322,-0.4491525423728814,-0.4915254237288136,-0.5508474576271186,-0.4110169491525424,-0.5932203389830508,-0.3305084745762712,-0.211864406779661,-0.5084745762711864,-0.3474576271186441,-0.7076271186440678,-0.461864406779661,-0.826271186440678,-0.5635593220338984,-0.9322033898305084,-0.1016949152542373,-0.538135593220339,-0.16101694915254236,-0.7584745762711864,-0.2330508474576271,-0.8940677966101694,-0.3177966101694915,-1.0,0.01694915254237288,-0.5127118644067796,0.00847457627118644,-0.6949152542372882,-0.0423728813559322,-0.809322033898305,-0.1228813559322034,-0.8983050847457628
7,0.0,0.0,-0.20666666666666667,-0.056666666666666664,-0.38,-0.14333333333333334,-0.5066666666666667,-0.21333333333333335,-0.5933333333333334,-0.31666666666666665,-0.27,-0.45,-0.42,-0.5433333333333333,-0.5166666666666667,-0.4766666666666667,-0.5733333333333334,-0.4033333333333333,-0.17333333333333334,-0.5233333333333333,-0.2966666666666667,-0.72,-0.4,-0.8366666666666667,-0.5033333333333333,-0.9433333333333334,-0.043333333333333335,-0.5433333333333333,-0.11333333333333333,-0.7533333333333333,-0.17666666666666667,-0.8866666666666667,-0.25666666666666665,-1.0,0.09666666666666666,-0.5133333333333333,0.08,-0.69,0.03666666666666667,-0.7933333333333333,-0.03333333333333333,-0.88
7,0.0,0.0,-0.20588235294117646,-0.05042016806722689,-0.3865546218487395,-0.13445378151260504,-0.5210084033613446,-0.19747899159663865,-0.6176470588235294,-0.29411764705882354,-0.2815126050420168,-0.453781512605042,-0.453781512605042,-0.5504201680672269,-0.5462184873949579,-0.4579831932773109,-0.5882352941176471,-0.36134453781512604,-0.19747899159663865,-0.5168067226890757,-0.33613445378151263,-0.7226890756302521,-0.4411764705882353,-0.8445378151260504,-0.542016806722689,-0.9495798319327731,-0.07983193277310924,-0.5294117647058824,-0.15966386554621848,-0.7478991596638656,-0.23109243697478993,-0.8823529411764706,-0.31092436974789917,-1.0,0.0546218487394958,-0.48739495798319327,0.02100840336134454,-0.6680672268907563,-0.03361344537815126,-0.7815126050420168,-0.1092436974789916,-0.8781512605042017
7,0.0,0.0,-0.19626168224299065,-0.07009345794392523,-0.35514018691588783,-0.1822429906542056,-0.48130841121495327,-0.2523364485981308,-0.5607476635514018,-0.35046728971962615,-0.2336448598130841,-0.46261682242990654,-0.37383177570093457,-0.5747663551401869,-0.4766355140186916,-0.5046728971962616,-0.5420560747663551,-0.4205607476635514,-0.14485981308411214,-0.514018691588785,-0.2616822429906542,-0.7242990654205608,-0.35046728971962615,-0.8457943925233645,-0.42990654205607476,-0.9532710280373832,-0.028037383177570093,-0.5186915887850467,-0.08411214953271028,-0.7383177570093458,-0.14018691588785046,-0.8785046728971962,-0.20093457943925233,-1.0,0.102803738317757,-0.4672897196261682,0.0794392523364486,-0.6448598130841121,0.037383177570093455,-0.7570093457943925,-0.028037383177570093,-0.8551401869158879
7,0.0,0.0,-0.1971153846153846,-0.052884615384615384,-0.36538461538461536,-0.14423076923076922,-0.49038461538461536,-0.22596153846153846,-0.5673076923076923,-0.33653846153846156,-0.2644230769230769,-0.4182692307692308,-0.3942307692307692,-0.5336538461538461,-0.4855769230769231,-0.4855769230769231,-0.5384615384615384,-0.42788461538461536,-0.16346153846153846,-0.4951923076923077,-0.27403846153846156,-0.7019230769230769,-0.3605769230769231,-0.8269230769230769,-0.44711538461538464,-0.9423076923076923,-0.038461538461538464,-0.5144230769230769,-0.09615384615384616,-0.7355769230769231,-0.14903846153846154,-0.8798076923076923,-0.21153846153846154,-1.0,0.10096153846153846,-0.4807692307692308,0.0673076923076923,-0.6586538461538461,0.02403846153846154,-0.7644230769230769,-0.038461538461538464,-0.8605769230769231
8,0.0,0.0,0.26865671641791045,-0.09950248756218906,0.4129353233830846,-0.23383084577114427,0.4975124378109453,-0.3482587064676617,0.5472636815920398,-0.47761194029850745,0.25870646766169153,-0.5671641791044776,0.3681592039800995,-0.746268656716418,0.43283582089552236,-0.8805970149253731,0.48258706467661694,-1.0,0.17412935323383086,-0.5870646766169154,0.43781094527363185,-0.4925373134328358,0.4427860696517413,-0.3482587064676617,0.373134328358209,-0.2885572139303483,0.10945273631840796,-0.527363184079602,0.3781094527363184,-0.4079601990049751,0.35323383084577115,-0.2835820895522388,0.27860696517412936,-0.24378109452736318,0.06965174129353234,-0.42786069651741293,0.2885572139303483,-0.32338308457711445,0.2835820895522388,-0.24378109452736318,0.23383084577114427,-0.21890547263681592
8,0.0,0.0,0.3333333333333333,-0.041666666666666664,0.5833333333333334,-0.16071428571428573,0.75,-0.25,0.7321428571428571,-0.3273809523809524,0.48214285714285715,-0.6547619047619048,0.7023809523809523,-0.7857142857142857,0.8452380952380952,-0.8988095238095238,0.9523809523809523,-1.0,0.36904761904761907,-0.6726190476190477,0.6785714285714286,-0.5119047619047619,0.6547619047619048,-0.3392857142857143,0.5714285714285714,-0.30952380952380953,0.27976190476190477,-0.5952380952380952,0.5714285714285714,-0.35714285714285715,0.5059523809523809,-0.2261904761904762,0.4107142857142857,-0.24404761904761904,0.22023809523809523,-0.4642857142857143,0.4583333333333333,-0.23214285714285715,0.39285714285714285,-0.13690476190476192,0.2916666666666667,-0.16071428571428573
8,0.0,0.0,0.3502824858757062,-0.04519774011299435,0.576271186440678,-0.15254237288135594,0.7288135593220338,-0.2542372881355932,0.7401129943502824,-0.3502824858757062,0.4745762711864407,-0.6214689265536724,0.655367231638418,-0.7740112994350282,0.7740112994350282,-0.8926553672316384,0.8700564971751412,-1.0,0.3728813559322034,-0.6666666666666666,0.6779661016949152,-0.5084745762711864,0.6214689265536724,-0.3446327683615819,0.5141242937853108,-0.327683615819209,0.2937853107344633,-0.615819209039548,0.5875706214689266,-0.3785310734463277,0.5084745762711864,-0.24293785310734464,0.4067796610169492,-0.2542372881355932,0.24858757062146894,-0.5028248587570622,0.4858757062146893,-0.2824858757062147,0.423728813559322,-0.1751412429378531,0.327683615819209,-0.1864406779661017
8,0.0,0.0,0.3395061728395062,-0.018518518518518517,0.5925925925925926,-0.12962962962962962,0.7530864197530864,-0.22839506172839505,0.7777777777777778,-0.3333333333333333,0.5246913580246914,-0.6234567901234568,0.7345679012345679,-0.7716049382716049,0.8703703703703703,-0.8888888888888888,0.9691358024691358,-1.0,0.41358024691358025,-0.6728395061728395,0.7160493827160493,-0.48148148148148145,0.6604938271604939,-0.3148148148148148,0.5617283950617284,-0.2962962962962963,0.3271604938271605,-0.6172839506172839,0.6111111111111112,-0.36419753086419754,0.5370370370370371,-0.2345679012345679,0.4382716049382716,-0.24691358024691357,0.25925925925925924,-0.5061728395061729,0.48148148148148145,-0.2716049382716049,0.41358024691358025,-0.1728395061728395,0.32098765432098764,-0.19135802469135801
8,0.0,0.0,0.35502958579881655,-0.023668639053254437,0.6153846153846154,-0.14792899408284024,0.7988165680473372,-0.2603550295857988,0.8994082840236687,-0.378698224852071,0.5029585798816568,-0.6035502958579881,0.6863905325443787,-0.757396449704142,0.7988165680473372,-0.8816568047337278,0.8757396449704142,-1.0,0.40828402366863903,-0.6568047337278107,0.7218934911242604,-0.5088757396449705,0.6449704142011834,-0.3431952662721893,0.5266272189349113,-0.33727810650887574,0.33136094674556216,-0.621301775147929,0.6153846153846154,-0.40236686390532544,0.5266272189349113,-0.2603550295857988,0.41420118343195267,-0.2781065088757396,0.26627218934911245,-0.5266272189349113,0.4970414201183432,-0.3076923076923077,0.4260355029585799,-0.20710059171597633,0.31952662721893493,-0.23076923076923078
8,0.0,0.0,0.3615819209039548,-0.06779661016949153,0.5819209039548022,-0.22033898305084745,0.7005649717514124,-0.3559322033898305,0.7627118644067796,-0.4689265536723164,0.5254237288135594,-0.6384180790960452,0.7401129943502824,-0.7570621468926554,0.8587570621468926,-0.8870056497175142,0.9548022598870056,-1.0,0.4406779661016949,-0.6779661016949152,0.7457627118644068,-0.4350282485875706,0.6610169491525424,-0.2824858757062147,0.5423728813559322,-0.2598870056497175,0.3615819209039548,-0.6214689265536724,0.655367231638418,-0.327683615819209,0.5423728813559322,-0.21468926553672316,0.4350282485875706,-0.22033898305084745,0.2937853107344633,-0.5084745762711864,0.536723163841808,-0.2598870056497175,0.4632768361581921,-0.1694915254237288,0.3728813559322034,-0.1864406779661017
8,0.0,0.0,-0.2662337662337662,-0.01948051948051948,-0.5,-0.08441558441558442,-0.6753246753246753,-0.17532467532467533,-0.6168831168831169,-0.24675324675324675,-0.44155844155844154,-0.551948051948052,-0.6428571428571429,-0.7532467532467533,-0.7857142857142857,-0.8896103896103896,-0.8961038961038961,-1.0,-0.3116883116883117,-0.6233766233766234,-0.551948051948052,-0.45454545454545453,-0.4675324675324675,-0.2727272727272727,-0.37012987012987014,-0.2662337662337662,-0.17532467532467533,-0.6298701298701299,-0.4025974025974026,-0.4025974025974026,-0.3181818181818182,-0.2597402597402597,-0.22077922077922077,-0.2792207792207792,-0.05194805194805195,-0.577922077922078,-0.2662337662337662,-0.38311688311688313,-0.2012987012987013,-0.2792207792207792,-0.11038961038961038,-0.2857142857142857
8,0.0,0.0,-0.2619047619047619,-0.03571428571428571,-0.4642857142857143,-0.13095238095238096,-0.5952380952380952,-0.23809523809523808,-0.5952380952380952,-0.30357142857142855,-0.3630952380952381,-0.5654761904761905,-0.5297619047619048,-0.7619047619047619,-0.6488095238095238,-0.8928571428571429,-0.7380952380952381,-1.0,-0.25,-0.6071428571428571,-0.5238095238095238,-0.47023809523809523,-0.4523809523809524,-0.2976190476190476,-0.35119047619047616,-0.2916666666666667,-0.1488095238095238,-0.5952380952380952,-0.4107142857142857,-0.4166666666666667,-0.3333333333333333,-0.26785714285714285,-0.23809523809523808,-0.27976190476190477,-0.06547619047619048,-0.5357142857142857,-0.30357142857142855,-0.3869047619047619,-0.25,-0.27976190476190477,-0.15476190476190477,-0.2857142857142857
8,0.0,0.0,-0.271523178807947,-0.046357615894039736,-0.5033112582781457,-0.1390728476821192,-0.6423841059602649,-0.26490066225165565,-0.5695364238410596,-0.3708609271523179,-0.40397350993377484,-0.5496688741721855,-0.5894039735099338,-0.7549668874172185,-0.7218543046357616,-0.8940397350993378,-0.8278145695364238,-1.0,-0.271523178807947,-0.6158940397350994,-0.5165562913907285,-0.5298013245033113,-0.4370860927152318,-0.33112582781456956,-0.33112582781456956,-0.304635761589404,-0.1456953642384106,-0.6291390728476821,-0.3841059602649007,-0.48344370860927155,-0.2980132450331126,-0.31125827814569534,-0.1986754966887417,-0.31125827814569534,-0.019867549668874173,-0.6026490066225165,-0.25165562913907286,-0.47019867549668876,-0.18543046357615894,-0.3443708609271523,-0.08609271523178808,-0.3443708609271523
8,0.0,0.0,-0.2679738562091503,-0.032679738562091505,-0.5032679738562091,-0.13071895424836602,-0.6405228758169934,-0.2679738562091503,-0.5751633986928104,-0.3660130718954248,-0.41830065359477125,-0.5686274509803921,-0.6078431372549019,-0.7647058823529411,-0.738562091503268,-0.8954248366013072,-0.8366013071895425,-1.0,-0.28104575163398693,-0.6339869281045751,-0.5424836601307189,-0.5294117647058824,-0.45751633986928103,-0.32679738562091504,-0.35294117647058826,-0.3137254901960784,-0.1437908496732026,-0.6470588235294118,-0.39869281045751637,-0.477124183006536,-0.30718954248366015,-0.3006535947712418,-0.20261437908496732,-0.3137254901960784,-0.006535947712418301,-0.6078431372549019,-0.26143790849673204,-0.477124183006536,-0.19607843137254902,-0.33986928104575165,-0.09803921568627451,-0.33986928104575165
8,0.0,0.0,-0.2830188679245283,-0.03773584905660377,-0.5094339622641509,-0.11949685534591195,-0.6666666666666666,-0.22641509433962265,-0.6352201257861635,-0.33962264150943394,-0.4276729559748428,-0.5723270440251572,-0.6289308176100629,-0.7610062893081762,-0.7672955974842768,-0.8867924528301887,-0.8616352201257862,-1.0,-0.29559748427672955,-0.6289308176100629,-0.5849056603773585,-0.5094339622641509,-0.4968553459119497,-0.3081761006289308,-0.389937106918239,-0.31446540880503143,-0.16981132075471697,-0.6352201257861635,-0.44654088050314467,-0.4528301886792453,-0.3522012578616352,-0.29559748427672955,-0.25157232704402516,-0.31446540880503143,-0.050314465408805034,-0.5849056603773585,-0.31446540880503143,-0.44025157232704404,-0.25157232704402516,-0.32075471698113206,-0.1509433962264151,-0.3333333333333333
8,0.0,0.0,-0.2896551724137931,-0.04827586206896552,-0.5241379310344828,-0.15862068965517243,-0.6689655172413793,-0.2827586206896552,-0.593103448275862,-0.3793103448275862,-0.4827586206896552,-0.5793103448275863,-0.6896551724137931,-0.7724137931034483,-0.8344827586206897,-0.896551724137931,-0.9448275862068966,-1.0,-0.3310344827586207,-0.6413793103448275,-0.5586206896551724,-0.5448275862068965,-0.4689655172413793,-0.3448275862068966,-0.3724137931034483,-0.32413793103448274,-0.1793103448275862,-0.6620689655172414,-0.4,-0.496551724137931,-0.3103448275862069,-0.32413793103448274,-0.2206896551724138,-0.3310344827586207,-0.020689655172413793,-0.6275862068965518,-0.23448275862068965,-0.4896551724137931,-0.1793103448275862,-0.3586206896551724,-0.0896551724137931,-0.36551724137931035
9,0.0,0.0,0.19333333333333333,-0.0033333333333333335,0.38,-0.043333333333333335,0.54,-0.023333333333333334,0.69,0.023333333333333334,0.2733333333333333,-0.4166666666666667,0.4066666666666667,-0.6133333333333333,0.49,-0.7433333333333333,0.5633333333333334,-0.8666666666666667,0.12333333333333334,-0.47333333333333333,0.18,-0.7133333333333334,0.23,-0.8633333333333333,0.2733333333333333,-1.0,-0.02666666666666667,-0.46,-0.056666666666666664,-0.6833333333333333,-0.06,-0.83,-0.05333333333333334,-0.9633333333333334,-0.16333333333333333,-0.38333333333333336,-0.2733333333333333,-0.5366666666666666,-0.3433333333333333,-0.62,-0.39666666666666667,-0.7066666666666667
9,0.0,0.0,0.20810810810810812,0.005405405405405406,0.4135135135135135,-0.02702702702702703,0.581081081081081,0.002702702702702703,0.727027027027027,0.05405405405405406,0.31891891891891894,-0.43243243243243246,0.45675675675675675,-0.6162162162162163,0.5324324324324324,-0.7324324324324324,0.5918918918918918,-0.8432432432432433,0.17027027027027028,-0.4945945945945946,0.23513513513513515,-0.7324324324324324,0.27837837837837837,-0.8756756756756757,0.3054054054054054,-1.0,0.01891891891891892,-0.4837837837837838,0.010810810810810811,-0.7081081081081081,0.010810810810810811,-0.8513513513513513,0.013513513513513514,-0.9864864864864865,-0.12432432432432433,-0.4135135135135135,-0.23243243243243245,-0.5594594594594594,-0.3081081081081081,-0.654054054054054,-0.3675675675675676,-0.7486486486486487
9,0.0,0.0,0.18875502008032127,-0.012048192771084338,0.37751004016064255,-0.05622489959839357,0.5381526104417671,-0.0321285140562249,0.6907630522088354,0.024096385542168676,0.2971887550200803,-0.42971887550200805,0.42971887550200805,-0.6104417670682731,0.5100401606425703,-0.7188755020080321,0.5742971887550201,-0.8232931726907631,0.14859437751004015,-0.4979919678714859,0.22088353413654618,-0.7389558232931727,0.27710843373493976,-0.8795180722891566,0.3172690763052209,-1.0,-0.004016064257028112,-0.4899598393574297,-0.020080321285140562,-0.714859437751004,-0.01606425702811245,-0.8594377510040161,-0.004016064257028112,-0.9879518072289156,-0.14859437751004015,-0.41767068273092367,-0.24497991967871485,-0.570281124497992,-0.3132530120481928,-0.6586345381526104,-0.3654618473895582,-0.751004016064257
9,0.0,0.0,0.20930232558139536,0.011627906976744186,0.413953488372093,-0.013953488372093023,0.586046511627907,0.009302325581395349,0.7395348837209302,0.05581395348837209,0.29534883720930233,-0.40930232558139534,0.4372093023255814,-0.5953488372093023,0.5302325581395348,-0.713953488372093,0.6069767441860465,-0.827906976744186,0.14883720930232558,-0.4720930232558139,0.23255813953488372,-0.7209302325581395,0.28837209302325584,-0.8744186046511628,0.3302325581395349,-1.0,0.0,-0.4627906976744186,-0.004651162790697674,-0.6976744186046512,0.004651162790697674,-0.8511627906976744,0.023255813953488372,-0.9883720930232558,-0.14651162790697675,-0.3953488372093023,-0.24651162790697675,-0.5511627906976744,-0.313953488372093,-0.6511627906976745,-0.36511627906976746,-0.7511627906976744
9,0.0,0.0,0.19831223628691982,-0.008438818565400843,0.39662447257383965,-0.046413502109704644,0.5654008438818565,-0.016877637130801686,0.7172995780590717,0.029535864978902954,0.29957805907172996,-0.41350210970464135,0.4388185654008439,-0.5907172995780591,0.5232067510548524,-0.7046413502109705,0.5949367088607594,-0.8059071729957806,0.14767932489451477,-0.4810126582278481,0.22362869198312235,-0.7257383966244726,0.28270042194092826,-0.8734177215189873,0.3333333333333333,-1.0,-0.004219409282700422,-0.4767932489451477,-0.008438818565400843,-0.7088607594936709,0.004219409282700422,-0.8565400843881856,0.02109704641350211,-0.9873417721518988,-0.1518987341772152,-0.4092827004219409,-0.2489451476793249,-0.5611814345991561,-0.31223628691983124,-0.6624472573839663,-0.3628691983122363,-0.7637130801687764
9,0.0,0.0,0.19402985074626866,0.0,0.39800995024875624,-0.04477611940298507,0.5671641791044776,-0.029850746268656716,0.7213930348258707,0.029850746268656716,0.31343283582089554,-0.43781094527363185,0.4577114427860697,-0.6169154228855721,0.5522388059701493,-0.7263681592039801,0.6368159203980099,-0.8208955223880597,0.17412935323383086,-0.5124378109452736,0.25870646766169153,-0.746268656716418,0.3283582089552239,-0.8855721393034826,0.38308457711442784,-1.0,0.024875621890547265,-0.5124378109452736,0.03980099502487562,-0.7313432835820896,0.05970149253731343,-0.8706467661691543,0.08955223880597014,-0.9950248756218906,-0.11442786069651742,-0.4527363184079602,-0.19402985074626866,-0.5920398009950248,-0.2537313432835821,-0.681592039800995,-0.3034825870646766,-0.7661691542288557
9,0.0,0.0,-0.2145748987854251,-0.008097165991902834,-0.4089068825910931,-0.0728744939271255,-0.5870445344129555,-0.10931174089068826,-0.7530364372469636,-0.11336032388663968,-0.2591093117408907,-0.4291497975708502,-0.38461538461538464,-0.631578947368421,-0.4534412955465587,-0.757085020242915,-0.5101214574898786,-0.8663967611336032,-0.11740890688259109,-0.4817813765182186,-0.19433198380566802,-0.7246963562753036,-0.23481781376518218,-0.8744939271255061,-0.26720647773279355,-1.0,0.03643724696356275,-0.47368421052631576,0.06882591093117409,-0.708502024291498,0.0931174089068826,-0.8623481781376519,0.11336032388663968,-0.9959514170040485,0.17408906882591094,-0.4048582995951417,0.2874493927125506,-0.5546558704453441,0.3562753036437247,-0.6558704453441295,0.41295546558704455,-0.7611336032388664
9,0.0,0.0,-0.20192307692307693,-0.02564102564102564,-0.3814102564102564,-0.08974358974358974,-0.5448717948717948,-0.1346153846153846,-0.7051282051282052,-0.15384615384615385,-0.22756410256410256,-0.42628205128205127,-0.34294871794871795,-0.6314102564102564,-0.41025641025641024,-0.7628205128205128,-0.46794871794871795,-0.875,-0.08333333333333333,-0.47115384615384615,-0.14743589743589744,-0.7115384615384616,-0.1858974358974359,-0.8653846153846154,-0.22115384615384615,-1.0,0.060897435897435896,-0.4551282051282051,0.09935897435897435,-0.6826923076923077,0.1282051282051282,-0.8365384615384616,0.14102564102564102,-0.9743589743589743,0.1955128205128205,-0.38461538461538464,0.30448717948717946,-0.5480769230769231,0.375,-0.6538461538461539,0.42948717948717946,-0.7564102564102564
9,0.0,0.0,-0.18618618618618618,-0.03903903903903904,-0.35735735735735735,-0.12912912912912913,-0.5105105105105106,-0.18618618618618618,-0.6516516516516516,-0.21021021021021022,-0.2222222222222222,-0.4444444444444444,-0.32732732732732733,-0.6336336336336337,-0.38738738738738737,-0.7507507507507507,-0.43843843843843844,-0.8588588588588588,-0.0960960960960961,-0.4804804804804805,-0.15315315315315314,-0.7147147147147147,-0.1831831831831832,-0.8678678678678678,-0.2072072072072072,-1.0,0.03303303303303303,-0.4594594594594595,0.057057057057057055,-0.6756756756756757,0.07807807807807808,-0.8288288288288288,0.09009009009009009,-0.972972972972973,0.15615615615615616,-0.39039039039039036,0.24324324324324326,-0.5465465465465466,0.3063063063063063,-0.6516516516516516,0.35435435435435436,-0.7567567567567568
9,0.0,0.0,-0.2096069868995633,-0.043668122270742356,-0.39737991266375544,-0.15283842794759825,-0.5589519650655022,-0.22270742358078602,-0.7030567685589519,-0.25327510917030566,-0.25327510917030566,-0.48034934497816595,-0.3537117903930131,-0.6681222707423581,-0.4148471615720524,-0.7816593886462883,-0.462882096069869,-0.8777292576419214,-0.1091703056768559,-0.5283842794759825,-0.14847161572052403,-0.7554585152838428,-0.17903930131004367,-0.8908296943231441,-0.2096069868995633,-1.0,0.03056768558951965,-0.5109170305676856,0.07423580786026202,-0.7248908296943232,0.09170305676855896,-0.8646288209606987,0.10043668122270742,-0.9868995633187773,0.15283842794759825,-0.4410480349344978,0.25327510917030566,-0.5895196506550219,0.314410480349345,-0.6899563318777293,0.36681222707423583,-0.7860262008733624
9,0.0,0.0,-0.19289340101522842,-0.04568527918781726,-0.350253807106599,-0.15228426395939088,-0.4873096446700508,-0.23857868020304568,-0.6192893401015228,-0.2893401015228426,-0.18274111675126903,-0.4720812182741117,-0.2893401015228426,-0.6751269035532995,-0.3553299492385787,-0.7969543147208121,-0.40609137055837563,-0.8984771573604061,-0.050761421319796954,-0.5126903553299492,-0.09644670050761421,-0.7461928934010152,-0.1319796954314721,-0.883248730964467,-0.15736040609137056,-1.0,0.08121827411167512,-0.49238578680203043,0.1218274111675127,-0.7106598984771574,0.14213197969543148,-0.8527918781725888,0.15736040609137056,-0.9695431472081218,0.19796954314720813,-0.4213197969543147,0.30456852791878175,-0.5583756345177665,0.3756345177664975,-0.649746192893401,0.43147208121827413,-0.7360406091370558
9,0.0,0.0,-0.18846153846153846,-0.06923076923076923,-0.3346153846153846,-0.2,-0.46153846153846156,-0.3076923076923077,-0.5884615384615385,-0.38076923076923075,-0.1423076923076923,-0.4807692307692308,-0.22692307692307692,-0.6846153846153846,-0.27692307692307694,-0.8115384615384615,-0.3192307692307692,-0.9192307692307692,-0.0038461538461538464,-0.5038461538461538,-0.026923076923076925,-0.7346153846153847,-0.046153846153846156,-0.8807692307692307,-0.06538461538461539,-1.0,0.12692307692307692,-0.46923076923076923,0.18076923076923077,-0.676923076923077,0.21153846153846154,-0.8115384615384615,0.23076923076923078,-0.9346153846153846,0.23846153846153847,-0.38076923076923075,0.34615384615384615,-0.5115384615384615,0.41923076923076924,-0.6,0.4807692307692308,-0.6884615384615385
